,maoyanID,name,release_date,online_days,rating,box_week_million,box_million,box_day_million,week_want_thousand,IMAX,gen_科幻,gen_纪录片,gen_爱情,gen_悬疑,gen_冒险,gen_喜剧,gen_恐怖,gen_动作,gen_惊悚,gen_动画,gen_家庭,gen_剧情,gen_奇幻,gen_犯罪,spring,labor,summer,national,region_中国大陆,region_中国港澳台,region_美国,region_日本,region_印度,region_其他,director_famous,actor_famous,IP_rewrite,box_week,box,box_day,week_want
229,79115,守望一生,2018/9/10,1,7,0.102,0.148,0.053,0.425,FALSE,FALSE,FALSE,FALSE,FALSE,FALSE,FALSE,FALSE,FALSE,FALSE,FALSE,FALSE,TRUE,FALSE,FALSE,FALSE,FALSE,FALSE,FALSE,1,0,0,0,0,0,0,0,0,102000,148000,53000,425
188,1208343,毕业旅行笑翻天,2018/2/1,8,7.8,0.171,0.218,0.121,0.785,FALSE,FALSE,FALSE,TRUE,FALSE,FALSE,TRUE,FALSE,FALSE,FALSE,FALSE,FALSE,TRUE,FALSE,FALSE,FALSE,FALSE,FALSE,FALSE,1,0,0,0,0,0,0,0,0,171000,218000,121000,785
239,1242941,夜魔奇案,2018/12/21,7,6.7,0.149,0.23,0.083,0.647,FALSE,FALSE,FALSE,FALSE,TRUE,FALSE,FALSE,FALSE,FALSE,TRUE,FALSE,FALSE,TRUE,FALSE,FALSE,FALSE,FALSE,FALSE,FALSE,1,0,0,0,0,0,0,0,0,149000,230000,83000,647
248,1220437,梦境之源,2018/11/16,7,6.3,0.199,0.288,0.12,1.381,FALSE,FALSE,FALSE,TRUE,TRUE,FALSE,FALSE,FALSE,FALSE,TRUE,FALSE,FALSE,FALSE,FALSE,FALSE,FALSE,FALSE,FALSE,FALSE,1,0,0,0,0,0,0,0,0,199000,288000,120000,1381
265,1213057,无迹可寻,2018/2/9,28,4.5,0.156,0.362,0.088,0.359,FALSE,FALSE,FALSE,FALSE,TRUE,FALSE,FALSE,FALSE,FALSE,TRUE,FALSE,FALSE,FALSE,FALSE,FALSE,TRUE,FALSE,FALSE,FALSE,1,0,0,0,0,0,0,0,0,156000,362000,88000,359
325,1225543,魔神Z,2019/3/8,7,8.4,0.284,0.408,0.093,4.948,FALSE,TRUE,FALSE,FALSE,FALSE,FALSE,FALSE,FALSE,FALSE,FALSE,TRUE,FALSE,FALSE,FALSE,FALSE,FALSE,FALSE,FALSE,FALSE,0,0,0,1,0,0,0,0,1,284000,408000,93000,4948
251,346336,冰封迷案,2018/4/20,8,5.8,0.255,0.519,0.091,1.014,FALSE,FALSE,FALSE,FALSE,TRUE,FALSE,FALSE,FALSE,FALSE,TRUE,FALSE,FALSE,FALSE,FALSE,FALSE,FALSE,FALSE,FALSE,FALSE,1,0,0,0,0,0,0,0,0,255000,519000,91000,1014
213,341999,盲·道,2018/2/2,12,7.4,0.237,0.524,0.134,1.478,FALSE,FALSE,FALSE,FALSE,TRUE,FALSE,FALSE,FALSE,FALSE,FALSE,FALSE,FALSE,TRUE,FALSE,TRUE,FALSE,FALSE,FALSE,FALSE,1,0,0,0,0,0,0,0,0,237000,524000,134000,1478
170,344551,清水里的刀子,2018/4/4,9,8,0.303,0.582,0.102,1.857,FALSE,FALSE,FALSE,FALSE,FALSE,FALSE,FALSE,FALSE,FALSE,FALSE,FALSE,FALSE,TRUE,FALSE,FALSE,FALSE,FALSE,FALSE,FALSE,1,0,0,0,0,0,0,0,0,303000,582000,102000,1857
261,344419,七号公馆,2018/5/11,28,5.1,0.291,0.616,0.117,3.028,FALSE,FALSE,FALSE,FALSE,FALSE,FALSE,TRUE,FALSE,FALSE,TRUE,FALSE,FALSE,FALSE,FALSE,FALSE,FALSE,FALSE,FALSE,FALSE,1,0,0,0,0,0,0,0,0,291000,616000,117000,3028
345,1215346,警告,2019/3/29,7,7.7,0.51,0.633,0.317,3.66,FALSE,FALSE,FALSE,FALSE,TRUE,FALSE,FALSE,FALSE,FALSE,TRUE,FALSE,FALSE,TRUE,FALSE,FALSE,FALSE,FALSE,FALSE,FALSE,0,0,0,0,0,1,0,0,0,510000,633000,317000,3660
186,1163201,快乐星球之三十六号,2018/6/30,11,7.8,0.201,0.688,0.146,2.196,FALSE,TRUE,FALSE,FALSE,FALSE,TRUE,FALSE,FALSE,FALSE,FALSE,FALSE,FALSE,FALSE,FALSE,FALSE,FALSE,FALSE,TRUE,FALSE,1,0,0,0,0,0,0,0,1,201000,688000,146000,2196
141,1207103,北方一片苍茫,2018/7/20,14,8.2,0.319,0.732,0.103,1.291,FALSE,FALSE,FALSE,FALSE,FALSE,FALSE,FALSE,FALSE,FALSE,FALSE,FALSE,FALSE,TRUE,FALSE,FALSE,FALSE,FALSE,TRUE,FALSE,1,0,0,0,0,0,0,0,0,319000,732000,103000,1291
246,1203210,凤凰城遗忘录,2018/6/22,7,6.4,0.626,0.749,0.42,6.719,FALSE,TRUE,FALSE,FALSE,TRUE,FALSE,FALSE,FALSE,FALSE,FALSE,FALSE,FALSE,FALSE,FALSE,FALSE,FALSE,FALSE,FALSE,FALSE,0,0,1,0,0,0,0,0,0,626000,749000,420000,6719
245,1182289,一纸婚约,2018/6/8,7,6.4,0.596,0.751,0.261,6.439,FALSE,FALSE,FALSE,TRUE,FALSE,FALSE,FALSE,FALSE,FALSE,FALSE,FALSE,FALSE,TRUE,FALSE,FALSE,FALSE,FALSE,FALSE,FALSE,1,0,0,0,0,0,0,1,0,596000,751000,261000,6439
267,1221388,姽婳,2018/6/29,18,4.4,0.328,0.758,0.111,2.023,FALSE,FALSE,FALSE,FALSE,FALSE,FALSE,FALSE,TRUE,FALSE,TRUE,FALSE,FALSE,FALSE,FALSE,FALSE,FALSE,FALSE,TRUE,FALSE,1,0,0,0,0,0,0,0,0,328000,758000,111000,2023
44,1235235,张艺谋和他的“影”,2018/10/12,15,8.9,0.34,0.821,0.166,1.322,FALSE,FALSE,TRUE,FALSE,FALSE,FALSE,FALSE,FALSE,FALSE,FALSE,FALSE,FALSE,FALSE,FALSE,FALSE,FALSE,FALSE,FALSE,FALSE,1,0,0,0,0,0,0,1,0,340000,821000,166000,1322
225,1220172,有五个姐姐的我就注定要单身了啊,2018/11/16,7,7.1,0.301,0.853,0.114,3.092,FALSE,FALSE,FALSE,TRUE,FALSE,FALSE,TRUE,FALSE,FALSE,FALSE,FALSE,FALSE,FALSE,FALSE,FALSE,FALSE,FALSE,FALSE,FALSE,0,1,0,0,0,0,0,0,1,301000,853000,114000,3092
253,568602,无眸之杀,2018/3/23,21,5.7,0.525,0.982,0.218,2.942,FALSE,FALSE,FALSE,FALSE,TRUE,FALSE,FALSE,FALSE,FALSE,TRUE,FALSE,FALSE,FALSE,FALSE,FALSE,FALSE,FALSE,FALSE,FALSE,1,0,0,0,0,0,0,0,0,525000,982000,218000,2942
30,1141500,最后的棒棒,2018/8/17,17,9,0.461,1.009,0.161,7.637,FALSE,FALSE,TRUE,FALSE,FALSE,FALSE,FALSE,FALSE,FALSE,FALSE,FALSE,FALSE,FALSE,FALSE,FALSE,FALSE,FALSE,TRUE,FALSE,1,0,0,0,0,0,0,0,0,461000,1009000,161000,7637
224,1194411,三国杀·幻,2018/11/9,14,7.1,0.734,1.049,0.368,2.606,FALSE,FALSE,FALSE,TRUE,TRUE,FALSE,FALSE,FALSE,TRUE,FALSE,FALSE,FALSE,FALSE,FALSE,FALSE,FALSE,FALSE,FALSE,FALSE,1,0,0,0,0,0,0,0,1,734000,1049000,368000,2606
100,892394,奇怪的袜子精灵,2018/8/24,12,8.5,0.786,1.075,0.409,2.599,FALSE,FALSE,FALSE,FALSE,FALSE,TRUE,FALSE,FALSE,FALSE,FALSE,TRUE,TRUE,FALSE,TRUE,FALSE,FALSE,FALSE,TRUE,FALSE,0,0,0,0,0,1,0,0,0,786000,1075000,409000,2599
305,1216025,欢迎来北方II,2019/5/10,7,8.9,0.889,1.17,0.551,1.55,FALSE,FALSE,FALSE,FALSE,FALSE,FALSE,TRUE,FALSE,FALSE,FALSE,FALSE,FALSE,TRUE,FALSE,FALSE,FALSE,FALSE,FALSE,FALSE,0,0,0,0,0,1,0,0,1,889000,1170000,551000,1550
242,337105,夺命来电,2018/4/13,15,6.6,0.761,1.236,0.305,2.7,FALSE,FALSE,FALSE,FALSE,FALSE,FALSE,FALSE,TRUE,FALSE,FALSE,FALSE,FALSE,FALSE,FALSE,FALSE,FALSE,FALSE,FALSE,FALSE,1,0,0,0,0,0,0,0,0,761000,1236000,305000,2700
158,1238843,一百年很长吗,2018/12/1,8,8.1,0.79,1.238,0.522,3.48,FALSE,FALSE,TRUE,FALSE,FALSE,FALSE,FALSE,FALSE,FALSE,FALSE,FALSE,FALSE,FALSE,FALSE,FALSE,FALSE,FALSE,FALSE,FALSE,1,0,0,0,0,0,0,0,0,790000,1238000,522000,3480
216,1215629,监狱犬计划,2018/6/21,9,7.3,0.953,1.248,0.663,9.714,FALSE,FALSE,FALSE,FALSE,FALSE,FALSE,TRUE,FALSE,FALSE,FALSE,FALSE,FALSE,TRUE,FALSE,FALSE,FALSE,FALSE,FALSE,FALSE,1,0,0,0,0,0,0,0,0,953000,1248000,663000,9714
256,344540,灵魂当铺之时间典当,2018/3/9,31,5.5,0.74,1.284,0.353,2.572,FALSE,TRUE,FALSE,TRUE,TRUE,FALSE,FALSE,FALSE,FALSE,FALSE,FALSE,FALSE,FALSE,FALSE,FALSE,FALSE,FALSE,FALSE,FALSE,1,0,0,0,0,0,0,0,0,740000,1284000,353000,2572
56,1218052,大三儿,2018/8/20,24,8.8,0.815,1.301,0.169,2.493,FALSE,FALSE,TRUE,FALSE,FALSE,FALSE,FALSE,FALSE,FALSE,FALSE,FALSE,FALSE,FALSE,FALSE,FALSE,FALSE,FALSE,TRUE,FALSE,1,0,0,0,0,0,0,0,0,815000,1301000,169000,2493
236,1220835,伊阿索密码,2018/6/22,13,6.8,1.001,1.305,0.636,4.95,FALSE,FALSE,FALSE,FALSE,TRUE,FALSE,FALSE,FALSE,FALSE,TRUE,FALSE,FALSE,FALSE,FALSE,FALSE,FALSE,FALSE,FALSE,FALSE,1,0,0,0,0,0,0,0,0,1001000,1305000,636000,4950
128,642167,飞鸟历险记,2018/3/8,20,8.3,1.073,1.313,0.349,5.373,FALSE,FALSE,FALSE,FALSE,FALSE,TRUE,FALSE,FALSE,FALSE,FALSE,TRUE,TRUE,FALSE,FALSE,FALSE,FALSE,FALSE,FALSE,FALSE,0,0,0,0,0,1,0,0,0,1073000,1313000,349000,5373
168,1208934,因果启示录,2018/6/8,7,8,0.661,1.334,0.25,2.288,FALSE,FALSE,FALSE,FALSE,FALSE,FALSE,FALSE,FALSE,FALSE,FALSE,FALSE,FALSE,TRUE,FALSE,FALSE,FALSE,FALSE,FALSE,FALSE,1,0,0,0,0,0,0,0,0,661000,1334000,250000,2288
323,343455,五十米之恋,2019/2/14,8,8.4,1.148,1.368,0.868,6.19,FALSE,FALSE,FALSE,TRUE,FALSE,FALSE,TRUE,FALSE,FALSE,FALSE,FALSE,FALSE,TRUE,FALSE,FALSE,FALSE,FALSE,FALSE,FALSE,1,0,0,0,0,0,0,0,0,1148000,1368000,868000,6190
273,1206209,开学悸,2018/11/9,28,3.5,0.667,1.37,0.328,1.282,FALSE,FALSE,FALSE,FALSE,TRUE,FALSE,FALSE,FALSE,FALSE,TRUE,FALSE,FALSE,FALSE,FALSE,FALSE,FALSE,FALSE,FALSE,FALSE,1,0,0,0,0,0,0,0,0,667000,1370000,328000,1282
167,1218043,荒城纪,2018/5/18,15,8,0.834,1.374,0.311,3.369,FALSE,FALSE,FALSE,FALSE,FALSE,FALSE,FALSE,FALSE,FALSE,FALSE,FALSE,FALSE,TRUE,FALSE,FALSE,FALSE,FALSE,FALSE,FALSE,1,0,0,0,0,0,0,0,0,834000,1374000,311000,3369
222,341674,命运速递,2018/5/25,14,7.2,0.923,1.406,0.467,4.982,FALSE,FALSE,FALSE,FALSE,FALSE,FALSE,TRUE,FALSE,FALSE,FALSE,FALSE,FALSE,TRUE,FALSE,TRUE,FALSE,FALSE,FALSE,FALSE,1,0,0,0,0,0,0,0,0,923000,1406000,467000,4982
247,1235456,冒牌搭档,2018/11/30,14,6.3,1.156,1.467,0.665,2.049,FALSE,FALSE,FALSE,FALSE,FALSE,FALSE,TRUE,FALSE,FALSE,FALSE,FALSE,FALSE,FALSE,FALSE,FALSE,FALSE,FALSE,FALSE,FALSE,1,0,0,0,0,0,0,0,0,1156000,1467000,665000,2049
260,1220905,毛骨悚然之红衣男孩,2018/6/1,14,5.1,0.844,1.48,0.372,4.971,FALSE,FALSE,FALSE,FALSE,TRUE,FALSE,FALSE,FALSE,FALSE,TRUE,FALSE,FALSE,FALSE,FALSE,FALSE,FALSE,FALSE,FALSE,FALSE,1,0,0,0,0,0,0,0,0,844000,1480000,372000,4971
159,1204528,超大号美人,2018/8/28,10,8.1,1.405,1.482,0.611,3.279,FALSE,FALSE,FALSE,FALSE,FALSE,FALSE,TRUE,FALSE,FALSE,FALSE,FALSE,FALSE,TRUE,FALSE,FALSE,FALSE,FALSE,TRUE,FALSE,0,0,1,0,0,0,0,0,0,1405000,1482000,611000,3279
346,344757,蓝色生死恋,2019/2/14,8,7.6,1.313,1.493,0.977,17.875,FALSE,FALSE,FALSE,TRUE,FALSE,FALSE,FALSE,FALSE,FALSE,FALSE,FALSE,FALSE,FALSE,FALSE,FALSE,FALSE,FALSE,FALSE,FALSE,1,0,0,0,0,0,0,0,0,1313000,1493000,977000,17875
271,1221379,细思极恐,2018/7/6,35,4,0.555,1.502,0.226,3.539,FALSE,FALSE,FALSE,FALSE,FALSE,FALSE,FALSE,TRUE,FALSE,TRUE,FALSE,FALSE,FALSE,FALSE,FALSE,FALSE,FALSE,TRUE,FALSE,1,0,0,0,0,0,0,0,0,555000,1502000,226000,3539
93,1183637,黄金花,2018/4/28,20,8.5,0.568,1.508,0.373,1.488,FALSE,FALSE,FALSE,TRUE,FALSE,FALSE,FALSE,FALSE,FALSE,FALSE,FALSE,TRUE,TRUE,FALSE,FALSE,FALSE,TRUE,FALSE,FALSE,1,1,0,0,0,0,0,0,0,568000,1508000,373000,1488
217,1132373,宇宙有爱浪漫同游,2018/3/2,7,7.3,1.332,1.548,0.92,3.583,FALSE,TRUE,FALSE,TRUE,FALSE,FALSE,TRUE,FALSE,FALSE,FALSE,FALSE,FALSE,FALSE,FALSE,FALSE,FALSE,FALSE,FALSE,FALSE,1,0,0,0,0,0,0,0,0,1332000,1548000,920000,3583
184,1170241,哥斯拉：怪兽行星,2018/9/21,10,7.8,1.05,1.615,0.263,6.997,FALSE,TRUE,FALSE,FALSE,FALSE,FALSE,FALSE,FALSE,TRUE,FALSE,TRUE,FALSE,FALSE,FALSE,FALSE,FALSE,FALSE,FALSE,FALSE,0,0,0,1,0,0,0,0,1,1050000,1615000,263000,6997
32,1212979,小狗奶瓶,2018/2/2,14,9,0.684,1.651,0.298,1.631,FALSE,FALSE,FALSE,FALSE,FALSE,FALSE,FALSE,FALSE,FALSE,FALSE,FALSE,TRUE,TRUE,FALSE,FALSE,FALSE,FALSE,FALSE,FALSE,1,0,0,0,0,0,0,0,0,684000,1651000,298000,1631
19,454617,追鹰日记,2018/10/26,14,9.1,1.123,1.751,0.397,1.274,FALSE,FALSE,FALSE,FALSE,FALSE,TRUE,FALSE,FALSE,FALSE,FALSE,FALSE,TRUE,TRUE,FALSE,FALSE,FALSE,FALSE,FALSE,FALSE,0,0,0,0,0,1,0,1,0,1123000,1751000,397000,1274
328,1228761,把哥哥退货可以吗,2019/3/15,14,8.3,1.401,1.752,0.691,4.381,FALSE,FALSE,FALSE,TRUE,FALSE,FALSE,TRUE,FALSE,FALSE,FALSE,FALSE,TRUE,FALSE,FALSE,FALSE,FALSE,FALSE,FALSE,FALSE,0,0,0,0,0,1,0,0,0,1401000,1752000,691000,4381
140,1201231,让我怎么相信你,2018/9/14,7,8.2,1.482,1.836,0.743,0.642,FALSE,FALSE,FALSE,FALSE,FALSE,FALSE,TRUE,FALSE,FALSE,FALSE,FALSE,FALSE,FALSE,FALSE,FALSE,FALSE,FALSE,FALSE,FALSE,1,0,0,0,0,0,0,0,0,1482000,1836000,743000,642
114,1208645,足球王者,2018/8/31,13,8.4,1.561,1.854,0.787,1.702,FALSE,FALSE,FALSE,FALSE,FALSE,FALSE,FALSE,FALSE,FALSE,FALSE,TRUE,TRUE,FALSE,FALSE,FALSE,FALSE,FALSE,TRUE,FALSE,1,0,0,0,0,0,0,0,1,1561000,1854000,787000,1702
275,1212344,凌晨两点半,2018/4/13,30,2.7,0.652,1.868,0.268,3.708,FALSE,FALSE,FALSE,FALSE,FALSE,FALSE,FALSE,TRUE,FALSE,TRUE,FALSE,FALSE,FALSE,FALSE,FALSE,FALSE,FALSE,FALSE,FALSE,1,0,0,0,0,0,0,0,0,652000,1868000,268000,3708
95,1203156,兄弟班,2018/7/20,7,8.5,1.443,1.905,0.85,1.246,FALSE,FALSE,FALSE,FALSE,FALSE,FALSE,TRUE,FALSE,FALSE,FALSE,FALSE,FALSE,TRUE,FALSE,FALSE,FALSE,FALSE,TRUE,FALSE,0,1,0,0,0,0,0,0,0,1443000,1905000,850000,1246
362,1251817,少女宿舍,2019/3/15,20,4.7,1.038,1.913,0.484,3.843,FALSE,FALSE,FALSE,FALSE,TRUE,FALSE,FALSE,FALSE,FALSE,TRUE,FALSE,FALSE,FALSE,FALSE,FALSE,FALSE,FALSE,FALSE,FALSE,1,0,0,0,0,0,0,0,0,1038000,1913000,484000,3843
187,879019,西小河的夏天,2018/5/25,14,7.8,0.787,1.917,0.294,2.976,FALSE,FALSE,FALSE,FALSE,FALSE,FALSE,FALSE,FALSE,FALSE,FALSE,FALSE,TRUE,TRUE,FALSE,FALSE,FALSE,FALSE,FALSE,FALSE,1,0,0,0,0,0,0,0,0,787000,1917000,294000,2976
149,1218267,亲爱的，我要和别人结婚了,2018/5/12,24,8.1,1.007,1.941,0.614,18.209,FALSE,FALSE,FALSE,TRUE,FALSE,FALSE,FALSE,FALSE,FALSE,FALSE,FALSE,FALSE,FALSE,FALSE,FALSE,FALSE,FALSE,FALSE,FALSE,1,0,0,0,0,0,0,0,0,1007000,1941000,614000,18209
272,1205320,玲珑井,2018/3/16,29,3.5,1.069,1.984,0.442,2.706,FALSE,FALSE,FALSE,FALSE,FALSE,FALSE,FALSE,TRUE,FALSE,TRUE,FALSE,FALSE,FALSE,FALSE,FALSE,FALSE,FALSE,FALSE,FALSE,1,0,0,0,0,0,0,0,0,1069000,1984000,442000,2706
259,1222188,惊慌失色之诡寓,2018/8/24,31,5.1,0.91,2.072,0.398,7.188,FALSE,FALSE,FALSE,FALSE,FALSE,FALSE,FALSE,TRUE,FALSE,TRUE,FALSE,FALSE,FALSE,FALSE,FALSE,FALSE,FALSE,TRUE,FALSE,1,0,0,0,0,0,0,0,0,910000,2072000,398000,7188
232,1048266,暮光巴黎,2018/10/26,14,6.8,1.765,2.086,0.88,5.239,FALSE,FALSE,FALSE,TRUE,FALSE,FALSE,FALSE,FALSE,FALSE,FALSE,FALSE,FALSE,TRUE,TRUE,FALSE,FALSE,FALSE,FALSE,FALSE,1,0,0,0,0,1,0,0,0,1765000,2086000,880000,5239
203,1229753,两个俏公主,2018/11/10,18,7.6,1.72,2.226,1.183,2.328,FALSE,FALSE,FALSE,FALSE,FALSE,FALSE,FALSE,FALSE,FALSE,FALSE,TRUE,TRUE,FALSE,TRUE,FALSE,FALSE,FALSE,FALSE,FALSE,1,0,0,0,0,0,0,0,0,1720000,2226000,1183000,2328
274,666793,恐怖快递,2018/11/23,22,3.2,1.14,2.265,0.424,5.161,FALSE,FALSE,FALSE,FALSE,FALSE,FALSE,FALSE,TRUE,FALSE,TRUE,FALSE,FALSE,FALSE,FALSE,FALSE,FALSE,FALSE,FALSE,FALSE,1,0,0,0,0,0,0,0,0,1140000,2265000,424000,5161
258,1227002,黑暗深处之惊魂夜,2018/10/19,15,5.4,1.264,2.278,0.445,1.515,FALSE,FALSE,FALSE,FALSE,TRUE,FALSE,FALSE,TRUE,FALSE,TRUE,FALSE,FALSE,FALSE,FALSE,FALSE,FALSE,FALSE,FALSE,FALSE,1,0,0,0,0,0,0,0,0,1264000,2278000,445000,1515
99,1207100,米花之味,2018/4/20,8,8.5,0.82,2.289,0.354,1.977,FALSE,FALSE,FALSE,FALSE,FALSE,FALSE,FALSE,FALSE,FALSE,FALSE,FALSE,FALSE,TRUE,FALSE,FALSE,FALSE,FALSE,FALSE,FALSE,1,0,0,0,0,0,0,0,0,820000,2289000,354000,1977
262,1238695,瞳灵公馆,2018/11/2,22,5.1,1.337,2.313,0.437,1.752,FALSE,FALSE,FALSE,FALSE,FALSE,FALSE,FALSE,TRUE,FALSE,TRUE,FALSE,FALSE,FALSE,FALSE,FALSE,FALSE,FALSE,FALSE,FALSE,1,0,0,0,0,0,0,0,0,1337000,2313000,437000,1752
117,1238758,我的冤家是条狗,2018/11/9,14,8.4,1.297,2.32,0.476,2.583,FALSE,FALSE,FALSE,FALSE,FALSE,FALSE,TRUE,FALSE,FALSE,FALSE,FALSE,TRUE,FALSE,FALSE,FALSE,FALSE,FALSE,FALSE,FALSE,0,0,0,0,0,1,0,0,0,1297000,2320000,476000,2583
237,340946,纯洁心灵·逐梦演艺圈,2018/2/9,5,6.8,0.054,2.338,0.025,0.42,FALSE,FALSE,FALSE,FALSE,FALSE,FALSE,TRUE,FALSE,FALSE,FALSE,FALSE,FALSE,TRUE,FALSE,FALSE,TRUE,FALSE,FALSE,FALSE,1,0,0,0,0,0,0,0,0,54000,2338000,25000,420
266,1210869,午夜十二点,2018/4/28,32,4.4,0.568,2.356,0.261,3.363,FALSE,FALSE,FALSE,FALSE,FALSE,FALSE,FALSE,TRUE,FALSE,TRUE,FALSE,FALSE,FALSE,FALSE,FALSE,FALSE,TRUE,FALSE,FALSE,1,0,0,0,0,0,0,0,0,568000,2356000,261000,3363
169,858598,莫斯科陷落,2018/2/2,14,8,1.129,2.38,0.554,1.772,FALSE,TRUE,FALSE,TRUE,FALSE,FALSE,FALSE,FALSE,FALSE,FALSE,FALSE,FALSE,FALSE,FALSE,FALSE,FALSE,FALSE,FALSE,FALSE,0,0,0,0,0,1,0,0,0,1129000,2380000,554000,1772
270,1227737,男生宿舍,2018/8/31,29,4,1.013,2.387,0.388,6.151,FALSE,FALSE,FALSE,FALSE,FALSE,FALSE,FALSE,TRUE,FALSE,TRUE,FALSE,FALSE,FALSE,FALSE,FALSE,FALSE,FALSE,TRUE,FALSE,1,0,0,0,0,0,0,0,0,1013000,2387000,388000,6151
294,476263,天上再见,2019/4/30,17,9.1,1.244,2.435,0.24,5.895,FALSE,FALSE,FALSE,FALSE,FALSE,FALSE,TRUE,FALSE,FALSE,FALSE,FALSE,FALSE,TRUE,FALSE,TRUE,FALSE,TRUE,FALSE,FALSE,0,0,0,0,0,1,0,0,1,1244000,2435000,240000,5895
67,1224643,阿拉姜色,2018/10/26,21,8.7,1.201,2.44,0.394,1.251,FALSE,FALSE,FALSE,FALSE,FALSE,FALSE,FALSE,FALSE,FALSE,FALSE,FALSE,FALSE,TRUE,FALSE,FALSE,FALSE,FALSE,FALSE,FALSE,1,0,0,0,0,0,0,0,0,1201000,2440000,394000,1251
101,1213191,暹罗决：九神战甲,2018/6/29,14,8.5,1.864,2.534,0.588,2.797,FALSE,FALSE,FALSE,FALSE,FALSE,FALSE,FALSE,FALSE,TRUE,FALSE,TRUE,FALSE,FALSE,TRUE,FALSE,FALSE,FALSE,TRUE,FALSE,0,0,0,0,0,1,0,1,0,1864000,2534000,588000,2797
263,1220908,恐怖浴室,2018/6/8,28,4.9,1.228,2.537,0.473,3.596,FALSE,FALSE,FALSE,FALSE,FALSE,FALSE,FALSE,TRUE,FALSE,TRUE,FALSE,FALSE,FALSE,FALSE,FALSE,FALSE,FALSE,FALSE,FALSE,1,0,0,0,0,0,0,0,0,1228000,2537000,473000,3596
207,1196215,路过未来,2018/5/17,29,7.5,1.071,2.54,0.391,4.3,FALSE,FALSE,FALSE,FALSE,FALSE,FALSE,FALSE,FALSE,FALSE,FALSE,FALSE,FALSE,TRUE,FALSE,FALSE,FALSE,FALSE,FALSE,FALSE,1,0,0,0,0,0,0,0,0,1071000,2540000,391000,4300
353,343344,我的宠物是大象,2019/4/12,12,6.9,2.215,2.548,1.176,4.102,FALSE,FALSE,FALSE,FALSE,FALSE,FALSE,TRUE,FALSE,FALSE,FALSE,FALSE,FALSE,TRUE,FALSE,FALSE,FALSE,FALSE,FALSE,FALSE,1,0,0,0,0,0,0,0,0,2215000,2548000,1176000,4102
254,1234049,灵魂契约,2018/10/26,19,5.6,1.445,2.737,0.5,1.883,FALSE,FALSE,FALSE,FALSE,TRUE,FALSE,FALSE,TRUE,FALSE,TRUE,FALSE,FALSE,FALSE,FALSE,FALSE,FALSE,FALSE,FALSE,FALSE,1,0,0,0,0,0,0,0,0,1445000,2737000,500000,1883
85,1207707,爱猫之城,2018/9/22,19,8.5,1.156,2.82,0.566,4.562,FALSE,FALSE,TRUE,FALSE,FALSE,FALSE,FALSE,FALSE,FALSE,FALSE,FALSE,TRUE,FALSE,FALSE,FALSE,FALSE,FALSE,FALSE,FALSE,0,0,1,0,0,1,0,0,0,1156000,2820000,566000,4562
191,1218298,肆式青春,2018/8/4,16,7.7,1.498,2.827,0.906,15.591,FALSE,FALSE,FALSE,FALSE,FALSE,FALSE,FALSE,FALSE,FALSE,FALSE,TRUE,FALSE,FALSE,FALSE,FALSE,FALSE,FALSE,TRUE,FALSE,1,0,0,1,0,0,0,0,0,1498000,2827000,906000,15591
230,1233373,超时空大冒险,2018/12/1,20,6.9,0.674,2.855,0.397,1.276,FALSE,FALSE,FALSE,FALSE,FALSE,TRUE,FALSE,FALSE,FALSE,FALSE,TRUE,TRUE,FALSE,FALSE,FALSE,FALSE,FALSE,FALSE,FALSE,1,0,0,0,0,0,0,0,0,674000,2855000,397000,1276
365,1254051,夜伴歌声,2019/3/22,21,3.7,1.465,3.009,0.587,5.401,FALSE,FALSE,FALSE,TRUE,FALSE,FALSE,FALSE,TRUE,FALSE,TRUE,FALSE,FALSE,FALSE,FALSE,FALSE,FALSE,FALSE,FALSE,FALSE,1,0,0,0,0,0,0,0,0,1465000,3009000,587000,5401
208,1218718,尖叫直播,2018/4/29,12,7.5,0.747,3.111,0.708,4.205,FALSE,FALSE,FALSE,FALSE,FALSE,FALSE,TRUE,FALSE,FALSE,FALSE,FALSE,FALSE,FALSE,FALSE,FALSE,FALSE,TRUE,FALSE,FALSE,1,0,0,0,0,0,0,0,0,747000,3111000,708000,4205
66,1199020,跨越8年的新娘,2018/10/19,14,8.7,2.16,3.117,0.698,3.139,FALSE,FALSE,FALSE,TRUE,FALSE,FALSE,FALSE,FALSE,FALSE,FALSE,FALSE,FALSE,TRUE,FALSE,FALSE,FALSE,FALSE,FALSE,FALSE,0,0,0,1,0,0,0,0,1,2160000,3117000,698000,3139
329,1243904,动物出击,2019/4/30,13,8.2,2.821,3.153,1.156,3.643,FALSE,TRUE,FALSE,FALSE,FALSE,TRUE,FALSE,FALSE,FALSE,FALSE,FALSE,TRUE,TRUE,FALSE,FALSE,FALSE,TRUE,FALSE,FALSE,1,0,0,0,0,0,1,0,0,2821000,3153000,1156000,3643
221,1198455,二十岁,2018/11/30,14,7.2,2.624,3.203,1.256,10.437,FALSE,FALSE,FALSE,FALSE,FALSE,FALSE,TRUE,FALSE,FALSE,FALSE,FALSE,FALSE,TRUE,FALSE,FALSE,FALSE,FALSE,FALSE,FALSE,1,0,0,0,0,0,0,0,0,2624000,3203000,1256000,10437
257,1229950,午夜整容室,2018/12/14,30,5.5,1.414,3.233,0.493,4.986,FALSE,FALSE,FALSE,FALSE,FALSE,FALSE,FALSE,TRUE,FALSE,TRUE,FALSE,FALSE,FALSE,FALSE,FALSE,FALSE,FALSE,FALSE,FALSE,1,0,0,0,0,0,0,0,0,1414000,3233000,493000,4986
366,1206939,守灵,2019/4/4,27,3.6,2.075,3.327,0.689,3.839,FALSE,FALSE,FALSE,FALSE,FALSE,FALSE,FALSE,TRUE,FALSE,TRUE,FALSE,FALSE,FALSE,FALSE,FALSE,FALSE,FALSE,FALSE,FALSE,1,0,0,0,0,0,0,0,0,2075000,3327000,689000,3839
218,479074,冷恋时代,2018/9/21,9,7.3,2.131,3.35,0.606,1.136,FALSE,FALSE,FALSE,TRUE,FALSE,FALSE,TRUE,FALSE,FALSE,FALSE,FALSE,FALSE,FALSE,FALSE,FALSE,FALSE,FALSE,FALSE,FALSE,1,0,0,0,0,0,0,0,0,2131000,3350000,606000,1136
268,1217141,午夜幽灵,2018/10/12,22,4.2,1.962,3.374,0.793,3.276,FALSE,FALSE,FALSE,FALSE,TRUE,FALSE,FALSE,TRUE,FALSE,TRUE,FALSE,FALSE,FALSE,FALSE,FALSE,FALSE,FALSE,FALSE,FALSE,1,0,0,0,0,0,0,0,0,1962000,3374000,793000,3276
176,367845,无敌原始人,2018/10/19,21,7.9,2.807,3.595,0.367,2.502,FALSE,FALSE,FALSE,FALSE,FALSE,TRUE,TRUE,FALSE,FALSE,FALSE,TRUE,FALSE,FALSE,FALSE,FALSE,FALSE,FALSE,FALSE,FALSE,0,0,1,0,0,1,0,1,0,2807000,3595000,367000,2502
349,581264,境·界,2019/4/19,11,7.3,3.208,3.6,1.764,6.01,FALSE,FALSE,FALSE,FALSE,FALSE,TRUE,FALSE,FALSE,TRUE,FALSE,TRUE,FALSE,FALSE,TRUE,FALSE,FALSE,FALSE,FALSE,FALSE,0,0,0,1,0,0,0,0,0,3208000,3600000,1764000,6010
57,1238706,你美丽了我的人生,2018/11/2,21,8.8,2.699,3.627,1.757,1.78,FALSE,FALSE,FALSE,TRUE,FALSE,FALSE,FALSE,FALSE,FALSE,FALSE,FALSE,FALSE,FALSE,FALSE,FALSE,FALSE,FALSE,FALSE,FALSE,1,0,0,0,0,0,0,0,0,2699000,3627000,1757000,1780
64,672137,嘻哈英熊,2018/10/4,19,8.7,3.525,3.811,1.345,3.006,FALSE,FALSE,FALSE,FALSE,FALSE,TRUE,TRUE,FALSE,FALSE,FALSE,TRUE,FALSE,FALSE,FALSE,FALSE,FALSE,FALSE,FALSE,TRUE,1,0,0,0,0,0,0,0,0,3525000,3811000,1345000,3006
285,1239281,港珠澳大桥,2019/5/1,25,9.2,1.038,3.849,0.394,7.273,FALSE,FALSE,TRUE,FALSE,FALSE,FALSE,FALSE,FALSE,FALSE,FALSE,FALSE,FALSE,FALSE,FALSE,FALSE,FALSE,TRUE,FALSE,FALSE,1,0,0,0,0,0,0,0,0,1038000,3849000,394000,7273
18,1196131,神探狗笨吉,2018/12/28,20,9.1,1.902,3.951,0.823,4.14,FALSE,FALSE,FALSE,FALSE,FALSE,TRUE,FALSE,FALSE,FALSE,FALSE,FALSE,TRUE,FALSE,FALSE,FALSE,FALSE,FALSE,FALSE,FALSE,0,0,1,0,0,0,0,0,1,1902000,3951000,823000,4140
360,1212353,阳台上,2019/3/15,14,5.3,3.4,3.974,1.927,14.488,FALSE,FALSE,FALSE,FALSE,FALSE,FALSE,FALSE,FALSE,FALSE,FALSE,FALSE,FALSE,TRUE,FALSE,FALSE,FALSE,FALSE,FALSE,FALSE,1,0,0,0,0,0,0,1,0,3400000,3974000,1927000,14488
223,246835,寻找罗麦,2018/4/13,15,7.1,2.998,4.015,1.435,5.783,FALSE,FALSE,FALSE,TRUE,FALSE,FALSE,FALSE,FALSE,FALSE,FALSE,FALSE,FALSE,TRUE,FALSE,FALSE,FALSE,FALSE,FALSE,FALSE,1,0,0,0,0,1,0,0,0,2998000,4015000,1435000,5783
241,1212518,西北风云,2018/4/13,15,6.6,2.889,4.029,1.594,3.876,FALSE,FALSE,FALSE,FALSE,FALSE,FALSE,FALSE,FALSE,FALSE,FALSE,FALSE,FALSE,TRUE,FALSE,TRUE,FALSE,FALSE,FALSE,FALSE,1,0,0,0,0,0,0,1,0,2889000,4029000,1594000,3876
195,1207577,黑暗迷宫,2018/10/31,13,7.7,3.727,4.117,1.235,1.558,FALSE,FALSE,FALSE,FALSE,TRUE,FALSE,FALSE,FALSE,FALSE,FALSE,FALSE,FALSE,FALSE,FALSE,TRUE,FALSE,FALSE,FALSE,FALSE,1,0,0,0,0,0,0,0,0,3727000,4117000,1235000,1558
54,1206089,妈妈咪呀2,2018/8/3,11,8.8,2.22,4.147,0.624,4.18,TRUE,FALSE,FALSE,FALSE,FALSE,FALSE,TRUE,FALSE,FALSE,FALSE,FALSE,FALSE,FALSE,FALSE,FALSE,FALSE,FALSE,TRUE,FALSE,0,0,1,0,0,0,0,0,1,2220000,4147000,624000,4180
321,445609,罗马,2019/5/10,17,8.5,2.748,4.209,0.735,4.186,FALSE,FALSE,FALSE,FALSE,FALSE,FALSE,FALSE,FALSE,FALSE,FALSE,FALSE,TRUE,TRUE,FALSE,FALSE,FALSE,FALSE,FALSE,FALSE,0,0,0,0,0,1,0,0,0,2748000,4209000,735000,4186
155,1198834,给19岁的我自己,2018/5/29,17,8.1,3.74,4.388,1.824,12.986,FALSE,FALSE,FALSE,TRUE,FALSE,FALSE,FALSE,FALSE,FALSE,FALSE,FALSE,FALSE,FALSE,FALSE,FALSE,FALSE,FALSE,FALSE,FALSE,1,0,0,0,0,0,0,0,0,3740000,4388000,1824000,12986
76,1187437,念念手纪,2018/9/14,16,8.6,2.814,4.471,1.069,6.533,FALSE,FALSE,FALSE,TRUE,FALSE,FALSE,FALSE,FALSE,FALSE,FALSE,FALSE,FALSE,TRUE,FALSE,FALSE,FALSE,FALSE,FALSE,FALSE,0,0,0,1,0,0,0,1,0,2814000,4471000,1069000,6533
193,1200245,第三度嫌疑人,2018/3/30,29,7.7,2.248,4.522,0.691,7.92,FALSE,FALSE,FALSE,FALSE,TRUE,FALSE,FALSE,FALSE,FALSE,FALSE,FALSE,FALSE,FALSE,FALSE,FALSE,FALSE,FALSE,FALSE,FALSE,0,0,0,1,0,0,1,1,0,2248000,4522000,691000,7920
197,345000,毕业作品,2018/4/13,15,7.6,3.138,4.567,1.205,11.672,FALSE,FALSE,FALSE,TRUE,FALSE,TRUE,FALSE,FALSE,FALSE,FALSE,FALSE,FALSE,TRUE,FALSE,FALSE,FALSE,FALSE,FALSE,FALSE,1,0,0,0,0,0,0,0,0,3138000,4567000,1205000,11672
166,1197507,吃货宇宙,2018/6/16,19,8,3.095,4.857,1.707,8.693,FALSE,TRUE,FALSE,FALSE,FALSE,FALSE,TRUE,FALSE,FALSE,FALSE,TRUE,FALSE,FALSE,FALSE,FALSE,FALSE,FALSE,FALSE,FALSE,1,0,0,0,0,0,0,0,0,3095000,4857000,1707000,8693
45,1238696,生活万岁,2018/11/27,19,8.9,2.892,4.879,0.446,2.484,FALSE,FALSE,TRUE,FALSE,FALSE,FALSE,FALSE,FALSE,FALSE,FALSE,FALSE,FALSE,FALSE,FALSE,FALSE,FALSE,FALSE,FALSE,FALSE,1,0,0,0,0,0,0,0,0,2892000,4879000,446000,2484
338,1240859,闯堂兔3囧囧时光机,2019/1/18,18,7.9,2.972,4.883,1.509,5.44,FALSE,FALSE,FALSE,FALSE,FALSE,TRUE,TRUE,FALSE,FALSE,FALSE,TRUE,FALSE,FALSE,FALSE,FALSE,FALSE,FALSE,FALSE,FALSE,1,0,0,0,0,0,0,0,0,2972000,4883000,1509000,5440
96,341578,那些女人,2018/9/3,11,8.5,4.622,4.963,2.092,1.68,FALSE,FALSE,FALSE,FALSE,FALSE,FALSE,FALSE,FALSE,FALSE,FALSE,FALSE,FALSE,TRUE,FALSE,FALSE,FALSE,FALSE,FALSE,FALSE,1,0,0,0,0,0,0,1,0,4622000,4963000,2092000,1680
342,1213175,在乎你,2019/4/12,12,7.8,3.89,5.014,2.117,11.205,FALSE,FALSE,FALSE,FALSE,FALSE,FALSE,FALSE,FALSE,FALSE,FALSE,FALSE,FALSE,TRUE,FALSE,FALSE,FALSE,FALSE,FALSE,FALSE,1,0,0,0,0,0,0,0,0,3890000,5014000,2117000,11205
72,334625,美食大冒险之英雄烩,2018/8/17,10,8.6,3.04,5.027,1.103,6.367,FALSE,FALSE,FALSE,FALSE,FALSE,FALSE,TRUE,FALSE,FALSE,FALSE,TRUE,TRUE,FALSE,FALSE,FALSE,FALSE,FALSE,TRUE,FALSE,1,0,0,0,0,0,0,0,0,3040000,5027000,1103000,6367
238,1229768,两只小猪之勇闯神秘岛,2018/12/30,19,6.7,1.718,5.097,1.647,1.802,FALSE,FALSE,FALSE,FALSE,FALSE,TRUE,FALSE,FALSE,FALSE,FALSE,TRUE,TRUE,FALSE,FALSE,FALSE,FALSE,FALSE,FALSE,FALSE,1,0,0,0,0,0,0,0,1,1718000,5097000,1647000,1802
53,1225340,您一定不要错过,2018/7/6,21,8.8,2.218,5.277,0.596,14.1,FALSE,FALSE,TRUE,FALSE,FALSE,FALSE,FALSE,FALSE,FALSE,FALSE,FALSE,FALSE,FALSE,FALSE,FALSE,FALSE,FALSE,TRUE,FALSE,1,0,0,0,0,0,0,0,0,2218000,5277000,596000,14100
79,1229963,警车联盟,2018/12/30,18,8.6,1.184,5.317,1.17,1.517,FALSE,FALSE,FALSE,FALSE,FALSE,TRUE,FALSE,FALSE,TRUE,FALSE,TRUE,FALSE,FALSE,FALSE,FALSE,FALSE,FALSE,FALSE,FALSE,1,0,0,0,0,0,0,0,0,1184000,5317000,1170000,1517
129,257664,克隆人,2018/11/23,20,8.3,2.9,5.32,1.059,6.317,FALSE,TRUE,FALSE,FALSE,TRUE,FALSE,FALSE,FALSE,FALSE,FALSE,FALSE,FALSE,FALSE,FALSE,TRUE,FALSE,FALSE,FALSE,FALSE,1,0,0,0,0,1,0,0,0,2900000,5320000,1059000,6317
312,1132519,22年后的自白,2019/1/11,22,8.7,3.349,5.342,1.207,6.635,FALSE,FALSE,FALSE,FALSE,TRUE,FALSE,FALSE,FALSE,FALSE,FALSE,FALSE,FALSE,TRUE,FALSE,TRUE,FALSE,FALSE,FALSE,FALSE,0,0,0,1,0,0,0,0,1,3349000,5342000,1207000,6635
364,1251606,古井凶灵,2019/2/22,28,4.3,1.924,5.346,0.773,7.297,FALSE,FALSE,FALSE,FALSE,TRUE,FALSE,FALSE,TRUE,FALSE,TRUE,FALSE,FALSE,FALSE,FALSE,FALSE,FALSE,FALSE,FALSE,FALSE,1,0,0,0,0,0,0,0,0,1924000,5346000,773000,7297
88,368109,帝企鹅日记2：召唤,2018/10/12,23,8.5,3.829,5.395,0.572,2.916,FALSE,FALSE,TRUE,FALSE,FALSE,FALSE,FALSE,FALSE,FALSE,FALSE,FALSE,FALSE,FALSE,FALSE,FALSE,FALSE,FALSE,FALSE,FALSE,0,0,0,0,0,1,0,0,1,3829000,5395000,572000,2916
301,342893,进京城,2019/5/10,17,9,3.423,5.57,1.826,4.585,FALSE,FALSE,FALSE,FALSE,FALSE,FALSE,FALSE,FALSE,FALSE,FALSE,FALSE,FALSE,TRUE,FALSE,FALSE,FALSE,FALSE,FALSE,FALSE,1,0,0,0,0,0,0,0,0,3423000,5570000,1826000,4585
41,1219270,最后一球,2018/6/29,14,8.9,3.95,6.092,1.993,10.001,FALSE,FALSE,FALSE,FALSE,FALSE,FALSE,FALSE,FALSE,FALSE,FALSE,FALSE,FALSE,TRUE,FALSE,FALSE,FALSE,FALSE,TRUE,FALSE,0,0,0,0,0,1,0,0,0,3950000,6092000,1993000,10001
330,343987,精灵怪物：疯狂之旅,2019/3/29,24,8.2,4.718,6.262,0.838,4.49,FALSE,FALSE,FALSE,FALSE,FALSE,FALSE,TRUE,FALSE,FALSE,FALSE,TRUE,TRUE,FALSE,FALSE,FALSE,FALSE,FALSE,FALSE,FALSE,0,0,0,0,0,1,0,0,0,4718000,6262000,838000,4490
308,341989,养家之人,2019/1/11,25,8.8,3.92,6.307,1.38,5.69,FALSE,FALSE,FALSE,FALSE,FALSE,FALSE,FALSE,FALSE,FALSE,FALSE,TRUE,TRUE,TRUE,FALSE,FALSE,FALSE,FALSE,FALSE,FALSE,0,0,0,0,0,1,0,0,0,3920000,6307000,1380000,5690
31,667783,爱在记忆消逝前,2018/2/23,22,9,2.974,6.557,1.132,7.553,FALSE,FALSE,FALSE,TRUE,FALSE,FALSE,TRUE,FALSE,FALSE,FALSE,FALSE,FALSE,TRUE,FALSE,FALSE,FALSE,FALSE,FALSE,FALSE,0,0,0,0,0,1,0,0,1,2974000,6557000,1132000,7553
235,1217651,小公主艾薇拉与神秘王国,2018/5/12,29,6.8,1.479,6.616,0.764,9.609,FALSE,FALSE,FALSE,FALSE,FALSE,TRUE,FALSE,FALSE,FALSE,FALSE,TRUE,TRUE,FALSE,FALSE,FALSE,FALSE,FALSE,FALSE,FALSE,1,0,0,0,0,0,0,0,1,1479000,6616000,764000,9609
17,1196151,李宗伟：败者为王,2018/9/7,14,9.1,5.095,6.622,1.967,6.541,FALSE,FALSE,FALSE,FALSE,FALSE,FALSE,FALSE,FALSE,FALSE,FALSE,FALSE,FALSE,TRUE,FALSE,FALSE,FALSE,FALSE,FALSE,FALSE,0,0,0,0,0,1,0,0,1,5095000,6622000,1967000,6541
5,493549,大寒,2018/8/14,3,9.4,0.158,6.696,0.073,5.616,FALSE,FALSE,FALSE,FALSE,FALSE,FALSE,FALSE,FALSE,FALSE,FALSE,FALSE,FALSE,TRUE,FALSE,FALSE,FALSE,FALSE,TRUE,FALSE,1,0,0,0,0,0,0,0,1,158000,6696000,73000,5616
126,603864,战犬瑞克斯,2018/5/11,25,8.3,3.86,6.708,1.502,7.875,FALSE,FALSE,FALSE,FALSE,FALSE,FALSE,FALSE,FALSE,FALSE,FALSE,FALSE,FALSE,TRUE,FALSE,FALSE,FALSE,FALSE,FALSE,FALSE,0,0,1,0,0,0,0,0,0,3860000,6708000,1502000,7875
14,569712,黑子的篮球·终极一战,2018/8/24,21,9.1,4.513,6.79,1.999,24.75,FALSE,FALSE,FALSE,FALSE,FALSE,FALSE,FALSE,FALSE,FALSE,FALSE,TRUE,FALSE,FALSE,FALSE,FALSE,FALSE,FALSE,TRUE,FALSE,0,0,0,1,0,0,0,1,1,4513000,6790000,1999000,24750
40,334598,玛雅蜜蜂历险记,2018/10/12,19,8.9,5.886,6.903,0.495,1.297,FALSE,FALSE,FALSE,FALSE,FALSE,TRUE,TRUE,FALSE,FALSE,FALSE,TRUE,FALSE,FALSE,FALSE,FALSE,FALSE,FALSE,FALSE,FALSE,0,0,0,0,0,1,0,0,0,5886000,6903000,495000,1297
359,1156894,欲念游戏,2019/4/12,15,5.5,6.575,7.453,3.802,7.29,FALSE,FALSE,FALSE,FALSE,TRUE,FALSE,FALSE,FALSE,FALSE,FALSE,FALSE,FALSE,TRUE,FALSE,TRUE,FALSE,FALSE,FALSE,FALSE,1,0,0,0,0,0,0,1,0,6575000,7453000,3802000,7290
182,342607,未择之路,2018/9/14,16,7.8,5.406,7.454,2.351,4.293,FALSE,FALSE,FALSE,FALSE,FALSE,TRUE,FALSE,FALSE,FALSE,FALSE,FALSE,FALSE,TRUE,FALSE,FALSE,FALSE,FALSE,FALSE,FALSE,1,0,0,0,0,0,0,1,0,5406000,7454000,2351000,4293
333,1206415,虫林大作战,2019/4/13,22,8.1,6.628,7.635,3.368,2.83,FALSE,FALSE,FALSE,FALSE,FALSE,TRUE,TRUE,FALSE,FALSE,FALSE,TRUE,FALSE,FALSE,FALSE,FALSE,FALSE,FALSE,FALSE,FALSE,0,0,0,0,0,1,0,0,1,6628000,7635000,3368000,2830
352,345918,大侦探霍桑,2019/1/25,11,6.9,5.392,7.968,3.216,4.11,FALSE,FALSE,FALSE,FALSE,TRUE,FALSE,TRUE,FALSE,TRUE,FALSE,FALSE,FALSE,FALSE,FALSE,FALSE,FALSE,FALSE,FALSE,FALSE,1,0,0,0,0,0,0,1,1,5392000,7968000,3216000,4110
324,888384,森林奇缘,2019/1/18,18,8.4,3.348,7.974,1.152,4.064,FALSE,FALSE,FALSE,FALSE,FALSE,FALSE,TRUE,FALSE,FALSE,FALSE,TRUE,TRUE,FALSE,FALSE,FALSE,FALSE,FALSE,FALSE,FALSE,0,0,0,0,0,1,0,0,0,3348000,7974000,1152000,4064
228,344164,脱皮爸爸,2018/3/23,14,7,6.428,8.025,2.86,11.091,FALSE,FALSE,FALSE,FALSE,FALSE,FALSE,TRUE,FALSE,FALSE,FALSE,FALSE,FALSE,TRUE,TRUE,FALSE,FALSE,FALSE,FALSE,FALSE,1,1,0,0,0,0,0,1,0,6428000,8025000,2860000,11091
334,1204080,战斗民族养成记,2019/1/24,13,8.1,4.861,8.034,1.112,2.702,FALSE,FALSE,FALSE,TRUE,FALSE,FALSE,TRUE,FALSE,FALSE,FALSE,FALSE,FALSE,FALSE,FALSE,FALSE,FALSE,FALSE,FALSE,FALSE,1,0,0,0,0,1,0,0,0,4861000,8034000,1112000,2702
314,1220833,燃点,2019/1/11,25,8.7,1.917,8.195,0.53,2.21,FALSE,FALSE,TRUE,FALSE,FALSE,FALSE,FALSE,FALSE,FALSE,FALSE,FALSE,FALSE,TRUE,FALSE,FALSE,FALSE,FALSE,FALSE,FALSE,1,0,0,0,0,0,0,0,0,1917000,8195000,530000,2210
160,1212982,人怕出名猪怕壮,2018/2/20,21,8.1,0.76,8.378,0.218,1.111,FALSE,FALSE,FALSE,FALSE,FALSE,FALSE,TRUE,FALSE,FALSE,FALSE,FALSE,FALSE,FALSE,FALSE,FALSE,TRUE,FALSE,FALSE,FALSE,1,0,0,0,0,0,0,0,0,760000,8378000,218000,1111
201,1220923,我的宠物恐龙,2018/5/31,16,7.6,8.129,8.642,1.73,5.231,FALSE,TRUE,FALSE,FALSE,FALSE,TRUE,FALSE,FALSE,FALSE,FALSE,FALSE,TRUE,FALSE,FALSE,FALSE,FALSE,FALSE,FALSE,FALSE,0,0,0,0,0,1,0,0,0,8129000,8642000,1730000,5231
115,328844,虎皮萌企鹅,2018/3/16,23,8.4,6.297,8.68,0.683,2.522,FALSE,FALSE,FALSE,FALSE,FALSE,TRUE,TRUE,FALSE,FALSE,FALSE,TRUE,FALSE,FALSE,FALSE,FALSE,FALSE,FALSE,FALSE,FALSE,0,0,0,0,0,1,0,0,1,6297000,8680000,683000,2522
97,592271,小悟空,2018/7/14,20,8.5,5.81,8.812,2.955,6.984,FALSE,FALSE,FALSE,FALSE,FALSE,TRUE,TRUE,FALSE,FALSE,FALSE,TRUE,FALSE,FALSE,FALSE,FALSE,FALSE,FALSE,TRUE,FALSE,1,1,0,0,0,0,0,0,0,5810000,8812000,2955000,6984
211,345058,解码游戏,2018/8/3,20,7.4,7.733,9.689,4.209,8.758,FALSE,FALSE,FALSE,FALSE,FALSE,FALSE,TRUE,FALSE,TRUE,FALSE,FALSE,FALSE,FALSE,FALSE,TRUE,FALSE,FALSE,TRUE,FALSE,1,0,0,0,0,0,0,0,0,7733000,9689000,4209000,8758
157,1182417,萌犬好声音,2018/3/24,17,8.1,7.52,9.802,4.704,5.579,FALSE,FALSE,FALSE,FALSE,FALSE,TRUE,TRUE,FALSE,FALSE,FALSE,FALSE,FALSE,FALSE,FALSE,FALSE,FALSE,FALSE,FALSE,FALSE,0,0,0,0,0,1,0,0,0,7520000,9802000,4704000,5579
348,1229702,青蛙王子历险记,2019/4/5,21,7.4,6.728,9.811,3.006,2.246,FALSE,FALSE,FALSE,FALSE,FALSE,TRUE,TRUE,FALSE,FALSE,FALSE,TRUE,TRUE,FALSE,FALSE,FALSE,FALSE,FALSE,FALSE,FALSE,1,0,0,0,0,0,0,0,0,6728000,9811000,3006000,2246
122,1216296,说走就走之不说再见,2018/9/14,16,8.3,7.031,9.87,2.66,6.601,FALSE,FALSE,FALSE,TRUE,FALSE,TRUE,TRUE,FALSE,FALSE,FALSE,FALSE,FALSE,FALSE,FALSE,FALSE,FALSE,FALSE,FALSE,FALSE,1,0,0,0,0,0,0,0,0,7031000,9870000,2660000,6601
331,1229799,过春天,2019/3/15,20,8.2,5.92,9.942,2.318,6.392,FALSE,FALSE,FALSE,FALSE,FALSE,TRUE,FALSE,FALSE,FALSE,FALSE,FALSE,FALSE,TRUE,FALSE,FALSE,FALSE,FALSE,FALSE,FALSE,1,0,0,0,0,0,0,0,0,5920000,9942000,2318000,6392
202,1218253,阿里巴巴三根金发,2018/12/30,28,7.6,2.315,10.077,2.315,3.465,FALSE,FALSE,FALSE,FALSE,FALSE,TRUE,TRUE,FALSE,FALSE,FALSE,TRUE,FALSE,FALSE,FALSE,FALSE,FALSE,FALSE,FALSE,FALSE,1,0,0,0,0,0,0,0,1,2315000,10077000,2315000,3465
194,1244914,龟兔大作战,2018/12/30,15,7.7,2.151,10.079,2.077,1.104,FALSE,FALSE,FALSE,FALSE,FALSE,TRUE,TRUE,FALSE,FALSE,FALSE,TRUE,FALSE,FALSE,FALSE,FALSE,FALSE,FALSE,FALSE,FALSE,1,0,0,0,0,0,0,0,0,2151000,10079000,2077000,1104
82,344135,淘气大侦探,2018/7/20,21,8.5,7.014,10.415,2.703,5.96,FALSE,FALSE,FALSE,FALSE,FALSE,TRUE,FALSE,FALSE,FALSE,FALSE,TRUE,FALSE,TRUE,FALSE,FALSE,FALSE,FALSE,TRUE,FALSE,0,0,1,0,0,1,0,1,0,7014000,10415000,2703000,5960
339,1230152,撞死了一只羊,2019/4/26,21,7.9,4.667,10.447,1.672,5.701,FALSE,FALSE,FALSE,FALSE,FALSE,FALSE,FALSE,FALSE,FALSE,FALSE,FALSE,FALSE,TRUE,FALSE,FALSE,FALSE,TRUE,FALSE,FALSE,1,0,0,0,0,0,0,0,1,4667000,10447000,1672000,5701
303,1229697,四个春天,2019/1/4,32,9,3.132,10.583,0.708,4.054,FALSE,FALSE,TRUE,FALSE,FALSE,FALSE,FALSE,FALSE,FALSE,FALSE,FALSE,TRUE,FALSE,FALSE,FALSE,FALSE,FALSE,FALSE,FALSE,1,0,0,0,0,0,0,0,0,3132000,10583000,708000,4054
113,1177952,狗狗的疯狂假期,2018/2/2,14,8.4,3.682,10.599,1.613,4.618,FALSE,FALSE,FALSE,FALSE,FALSE,FALSE,TRUE,FALSE,FALSE,FALSE,TRUE,FALSE,FALSE,FALSE,FALSE,FALSE,FALSE,FALSE,FALSE,0,0,0,0,0,1,0,0,0,3682000,10599000,1613000,4618
206,1220969,惊涛飓浪,2018/12/7,15,7.5,8.03,11.145,3.811,10.772,FALSE,FALSE,FALSE,TRUE,FALSE,FALSE,FALSE,FALSE,FALSE,FALSE,FALSE,FALSE,FALSE,FALSE,FALSE,FALSE,FALSE,FALSE,FALSE,0,0,1,0,0,0,0,0,1,8030000,11145000,3811000,10772
154,1203436,金钱世界,2018/3/2,21,8.1,6.801,11.157,2.638,9.692,FALSE,FALSE,FALSE,FALSE,FALSE,FALSE,FALSE,FALSE,FALSE,FALSE,FALSE,FALSE,TRUE,FALSE,TRUE,FALSE,FALSE,FALSE,FALSE,0,0,1,0,0,1,0,0,0,6801000,11157000,2638000,9692
92,1132494,生存家族,2018/6/22,21,8.5,6.043,11.405,1.828,7.99,FALSE,FALSE,FALSE,FALSE,FALSE,FALSE,TRUE,FALSE,FALSE,FALSE,FALSE,TRUE,TRUE,FALSE,FALSE,FALSE,FALSE,FALSE,FALSE,0,0,0,1,0,0,0,0,0,6043000,11405000,1828000,7990
139,1165276,摘金奇缘,2018/11/30,15,8.2,7.981,11.489,2.881,4.922,FALSE,FALSE,FALSE,TRUE,FALSE,FALSE,TRUE,FALSE,FALSE,FALSE,FALSE,FALSE,FALSE,FALSE,FALSE,FALSE,FALSE,FALSE,FALSE,0,0,1,0,0,0,0,0,1,7981000,11489000,2881000,4922
183,1189938,道高一丈,2018/9/6,15,7.8,9.686,12.07,1.401,5.828,FALSE,FALSE,FALSE,FALSE,TRUE,FALSE,FALSE,FALSE,FALSE,FALSE,FALSE,FALSE,TRUE,FALSE,TRUE,FALSE,FALSE,FALSE,FALSE,1,0,0,0,0,0,0,0,0,9686000,12070000,1401000,5828
291,1217351,德鲁大叔,2019/1/11,25,9.1,7.027,12.077,2.452,19.705,FALSE,FALSE,FALSE,FALSE,FALSE,FALSE,TRUE,FALSE,FALSE,FALSE,FALSE,FALSE,TRUE,FALSE,FALSE,FALSE,FALSE,FALSE,FALSE,0,0,1,0,0,0,0,0,0,7027000,12077000,2452000,19705
299,1205582,今夜在浪漫剧场,2019/2/14,19,9,10.004,12.313,6.558,12.534,FALSE,FALSE,FALSE,TRUE,FALSE,FALSE,FALSE,FALSE,FALSE,FALSE,FALSE,FALSE,FALSE,TRUE,FALSE,FALSE,FALSE,FALSE,FALSE,0,0,0,1,0,0,0,1,0,10004000,12313000,6558000,12534
200,346339,为你写诗,2018/10/26,14,7.6,9.837,12.777,3.984,4.292,FALSE,FALSE,FALSE,TRUE,FALSE,FALSE,TRUE,FALSE,FALSE,FALSE,FALSE,FALSE,FALSE,TRUE,FALSE,FALSE,FALSE,FALSE,FALSE,1,0,0,0,0,0,0,0,0,9837000,12777000,3984000,4292
192,1198828,古剑奇谭之流月昭明,2018/10/1,25,7.7,13.304,14.119,8.301,5.579,FALSE,FALSE,FALSE,FALSE,FALSE,FALSE,FALSE,FALSE,TRUE,FALSE,FALSE,FALSE,FALSE,TRUE,FALSE,FALSE,FALSE,FALSE,TRUE,1,0,0,0,0,0,0,0,1,13304000,14119000,8301000,5579
156,337129,亡命救赎,2018/11/30,21,8.1,11.349,14.217,5.759,6.927,FALSE,FALSE,FALSE,FALSE,FALSE,FALSE,FALSE,FALSE,TRUE,FALSE,FALSE,FALSE,FALSE,FALSE,TRUE,FALSE,FALSE,FALSE,FALSE,0,0,0,0,0,1,0,0,0,11349000,14217000,5759000,6927
249,342412,超能泰坦,2018/10/12,21,5.9,12.072,14.276,6.227,12.739,FALSE,TRUE,FALSE,FALSE,FALSE,FALSE,FALSE,FALSE,FALSE,FALSE,FALSE,FALSE,FALSE,FALSE,FALSE,FALSE,FALSE,FALSE,FALSE,0,0,1,0,0,1,0,0,0,12072000,14276000,6227000,12739
151,1187542,昼颜,2018/5/18,28,8.1,7.554,14.337,2.472,15.332,FALSE,FALSE,FALSE,TRUE,FALSE,FALSE,FALSE,FALSE,FALSE,FALSE,FALSE,FALSE,TRUE,FALSE,FALSE,FALSE,FALSE,FALSE,FALSE,0,0,0,1,0,0,0,0,0,7554000,14337000,2472000,15332
361,368260,最佳男友进化论,2019/4/12,18,5.3,11.502,14.462,5.063,13.607,FALSE,FALSE,FALSE,TRUE,FALSE,FALSE,TRUE,FALSE,FALSE,FALSE,FALSE,FALSE,FALSE,FALSE,FALSE,FALSE,FALSE,FALSE,FALSE,1,1,0,0,0,0,0,0,0,11502000,14462000,5063000,13607
175,13457,龙凤斗,2018/2/10,6,7.9,0.5,14.915,0.312,1.918,FALSE,FALSE,FALSE,TRUE,FALSE,FALSE,TRUE,FALSE,FALSE,FALSE,FALSE,FALSE,TRUE,FALSE,FALSE,TRUE,FALSE,FALSE,FALSE,0,1,0,0,0,0,0,1,0,500000,14915000,312000,1918
90,883179,汪星卧底,2018/7/20,20,8.5,8.211,14.991,2.933,9.381,FALSE,FALSE,FALSE,FALSE,FALSE,FALSE,TRUE,FALSE,FALSE,FALSE,FALSE,FALSE,TRUE,FALSE,FALSE,FALSE,FALSE,TRUE,FALSE,0,0,1,0,0,0,0,0,0,8211000,14991000,2933000,9381
127,1212413,大坏狐狸的故事,2018/3/16,27,8.3,10.657,16.092,1.738,6.802,FALSE,FALSE,FALSE,FALSE,FALSE,FALSE,FALSE,FALSE,FALSE,FALSE,TRUE,TRUE,FALSE,FALSE,FALSE,FALSE,FALSE,FALSE,FALSE,0,0,0,0,0,1,0,0,1,10657000,16092000,1738000,6802
357,1162868,转型团伙,2019/4/19,11,5.8,14.801,16.709,6.94,6.742,FALSE,FALSE,FALSE,FALSE,FALSE,FALSE,TRUE,FALSE,TRUE,FALSE,FALSE,FALSE,TRUE,FALSE,FALSE,FALSE,FALSE,FALSE,FALSE,1,0,0,0,0,0,0,1,0,14801000,16709000,6940000,6742
317,345172,奎迪：英雄再起,2019/1/4,21,8.6,11.573,17.13,3.947,10.758,FALSE,FALSE,FALSE,FALSE,FALSE,FALSE,FALSE,FALSE,TRUE,FALSE,FALSE,FALSE,TRUE,FALSE,FALSE,FALSE,FALSE,FALSE,FALSE,0,0,1,0,0,0,0,1,1,11573000,17130000,3947000,10758
75,1180993,花滑女王,2018/3/30,22,8.6,13.372,17.167,5.059,12.313,FALSE,FALSE,FALSE,TRUE,FALSE,FALSE,TRUE,FALSE,FALSE,FALSE,FALSE,FALSE,TRUE,FALSE,FALSE,FALSE,FALSE,FALSE,FALSE,0,0,0,0,0,1,0,0,1,13372000,17167000,5059000,12313
290,1214652,朝花夕誓-于离别之朝束起约定之花,2019/2/22,21,9.1,10.72,17.222,3.569,20.781,FALSE,FALSE,FALSE,FALSE,FALSE,FALSE,FALSE,FALSE,FALSE,FALSE,TRUE,FALSE,FALSE,TRUE,FALSE,FALSE,FALSE,FALSE,FALSE,0,0,0,1,0,0,0,1,0,10720000,17222000,3569000,20781
138,1218299,深海历险记,2018/8/24,30,8.2,10.418,17.598,2.908,6.456,FALSE,FALSE,FALSE,FALSE,FALSE,TRUE,TRUE,FALSE,FALSE,FALSE,TRUE,FALSE,FALSE,FALSE,FALSE,FALSE,FALSE,TRUE,FALSE,1,0,1,0,0,0,0,0,0,10418000,17598000,2908000,6456
181,410641,我说的都是真的,2018/3/30,29,7.8,11.438,17.836,4.621,13.115,FALSE,FALSE,FALSE,FALSE,TRUE,FALSE,TRUE,FALSE,TRUE,FALSE,FALSE,FALSE,FALSE,FALSE,FALSE,FALSE,FALSE,FALSE,FALSE,1,0,0,0,0,0,0,0,0,11438000,17836000,4621000,13115
179,1208148,中国蓝盔,2018/11/23,30,7.8,10.39,17.928,4.887,19.506,FALSE,FALSE,FALSE,FALSE,FALSE,FALSE,FALSE,FALSE,TRUE,FALSE,FALSE,FALSE,TRUE,FALSE,FALSE,FALSE,FALSE,FALSE,FALSE,1,0,0,0,0,0,0,0,0,10390000,17928000,4887000,19506
227,1204093,功夫联盟,2018/10/26,23,7,12.618,17.978,5.155,7.263,FALSE,FALSE,FALSE,TRUE,FALSE,FALSE,TRUE,FALSE,TRUE,FALSE,FALSE,FALSE,FALSE,FALSE,FALSE,FALSE,FALSE,FALSE,FALSE,1,0,0,0,0,0,0,0,0,12618000,17978000,5155000,7263
320,341220,乐高大电影2,2019/3/22,25,8.5,15.443,18.437,2.059,7.711,TRUE,FALSE,FALSE,FALSE,FALSE,TRUE,FALSE,FALSE,TRUE,FALSE,TRUE,FALSE,FALSE,FALSE,FALSE,FALSE,FALSE,FALSE,FALSE,0,0,1,0,0,1,0,1,1,15443000,18437000,2059000,7711
332,1263355,狗眼看人心,2019/4/20,21,8.1,12.128,18.475,6.433,10.611,FALSE,FALSE,FALSE,FALSE,FALSE,FALSE,FALSE,FALSE,FALSE,FALSE,FALSE,TRUE,TRUE,FALSE,FALSE,FALSE,FALSE,FALSE,FALSE,1,0,0,0,0,0,0,1,0,12128000,18475000,6433000,10611
63,1201381,恋爱回旋,2018/3/9,24,8.7,11.468,18.536,3.472,14.514,FALSE,FALSE,FALSE,TRUE,FALSE,FALSE,TRUE,FALSE,FALSE,FALSE,FALSE,FALSE,FALSE,FALSE,FALSE,FALSE,FALSE,FALSE,FALSE,0,0,0,1,0,0,0,1,0,11468000,18536000,3472000,14514
354,672379,悟空奇遇记,2019/5/1,20,6.9,17.88,18.768,6.329,5.397,FALSE,FALSE,FALSE,FALSE,FALSE,FALSE,TRUE,FALSE,FALSE,FALSE,TRUE,FALSE,FALSE,FALSE,FALSE,FALSE,TRUE,FALSE,FALSE,1,0,0,0,0,0,0,0,1,17880000,18768000,6329000,5397
199,1207335,滴答屋,2018/11/1,15,7.6,16.547,19.047,5.515,10.976,TRUE,FALSE,FALSE,FALSE,FALSE,TRUE,TRUE,FALSE,FALSE,FALSE,FALSE,FALSE,FALSE,TRUE,FALSE,FALSE,FALSE,FALSE,FALSE,0,0,1,0,0,0,0,0,1,16547000,19047000,5515000,10976
212,1199446,泡芙小姐,2018/2/9,8,7.4,13.197,19.34,6.271,7.242,FALSE,FALSE,FALSE,TRUE,FALSE,FALSE,FALSE,FALSE,FALSE,FALSE,FALSE,FALSE,TRUE,FALSE,FALSE,TRUE,FALSE,FALSE,FALSE,1,0,0,0,0,0,0,0,0,13197000,19340000,6271000,7242
52,11237,阿飞正传,2018/6/25,32,8.8,14.187,19.739,3.185,17.12,FALSE,FALSE,FALSE,TRUE,FALSE,FALSE,FALSE,FALSE,FALSE,FALSE,FALSE,FALSE,TRUE,FALSE,TRUE,FALSE,FALSE,TRUE,FALSE,0,1,0,0,0,0,1,1,0,14187000,19739000,3185000,17120
250,1229915,中国合伙人2,2018/12/18,31,5.8,8.609,20.29,4.051,6.382,FALSE,FALSE,FALSE,FALSE,FALSE,FALSE,FALSE,FALSE,FALSE,FALSE,FALSE,FALSE,TRUE,FALSE,FALSE,FALSE,FALSE,FALSE,FALSE,1,0,0,0,0,0,0,0,1,8609000,20290000,4051000,6382
136,1220838,藏北秘岭-重返无人区,2018/8/31,62,8.2,4.031,20.576,1.33,8.409,FALSE,FALSE,TRUE,FALSE,FALSE,FALSE,FALSE,FALSE,FALSE,FALSE,FALSE,FALSE,FALSE,FALSE,FALSE,FALSE,FALSE,TRUE,FALSE,1,0,0,0,0,0,0,0,0,4031000,20576000,1330000,8409
134,1199029,玛丽与魔女之花,2018/4/28,34,8.2,5.971,20.622,1.668,9.969,FALSE,FALSE,FALSE,FALSE,FALSE,TRUE,FALSE,FALSE,FALSE,FALSE,TRUE,FALSE,FALSE,FALSE,FALSE,FALSE,TRUE,FALSE,FALSE,0,0,0,1,0,0,0,0,1,5971000,20622000,1668000,9969
174,1217650,魔镜奇缘2,2018/6/1,23,7.9,16.557,20.629,9.558,13.951,FALSE,FALSE,FALSE,FALSE,FALSE,TRUE,FALSE,FALSE,FALSE,FALSE,TRUE,TRUE,FALSE,FALSE,FALSE,FALSE,FALSE,FALSE,FALSE,1,0,0,0,0,0,0,0,1,16557000,20629000,9558000,13951
102,528054,青年马克思,2018/5/5,39,8.5,0.5,20.784,0.238,3.276,FALSE,FALSE,FALSE,FALSE,FALSE,FALSE,FALSE,FALSE,FALSE,FALSE,FALSE,FALSE,TRUE,FALSE,FALSE,FALSE,FALSE,FALSE,FALSE,0,0,0,0,0,1,0,0,1,500000,20784000,238000,3276
161,1228750,照相师,2018/12/12,50,8.1,0.447,20.891,0.128,1.01,FALSE,FALSE,FALSE,FALSE,FALSE,FALSE,FALSE,FALSE,FALSE,FALSE,FALSE,FALSE,TRUE,FALSE,FALSE,FALSE,FALSE,FALSE,FALSE,1,0,0,0,0,0,0,0,0,447000,20891000,128000,1010
78,1213193,猫与桃花源,2018/4/5,30,8.6,17.092,21.805,6.615,7.466,FALSE,FALSE,FALSE,FALSE,FALSE,TRUE,FALSE,FALSE,FALSE,FALSE,TRUE,TRUE,FALSE,FALSE,FALSE,FALSE,FALSE,FALSE,FALSE,1,0,0,0,0,0,0,0,0,17092000,21805000,6615000,7466
89,672382,虎胆追凶,2018/9/21,18,8.5,13.377,22.418,4.742,6.312,FALSE,FALSE,FALSE,FALSE,FALSE,FALSE,FALSE,FALSE,TRUE,FALSE,FALSE,FALSE,TRUE,FALSE,TRUE,FALSE,FALSE,FALSE,FALSE,0,0,1,0,0,0,0,1,0,13377000,22418000,4742000,6312
343,1207260,如影随心,2019/4/19,14,7.7,19.657,23.606,9.034,13.048,FALSE,FALSE,FALSE,TRUE,FALSE,FALSE,FALSE,FALSE,FALSE,FALSE,FALSE,FALSE,FALSE,FALSE,FALSE,FALSE,FALSE,FALSE,FALSE,1,0,0,0,0,0,0,0,0,19657000,23606000,9034000,13048
310,1238862,我想吃掉你的胰脏,2019/1/18,18,8.7,13.605,23.887,5.731,25.418,FALSE,FALSE,FALSE,TRUE,FALSE,FALSE,FALSE,FALSE,FALSE,FALSE,TRUE,FALSE,TRUE,FALSE,FALSE,FALSE,FALSE,FALSE,FALSE,0,0,0,1,0,0,0,0,0,13605000,23887000,5731000,25418
116,1212787,坏爸爸,2018/2/2,14,8.4,14.529,24.476,8.418,1.177,FALSE,FALSE,FALSE,FALSE,FALSE,FALSE,FALSE,FALSE,FALSE,FALSE,FALSE,TRUE,TRUE,FALSE,FALSE,FALSE,FALSE,FALSE,FALSE,1,0,0,0,0,0,0,0,0,14529000,24476000,8418000,1177
252,1229749,宝贝儿,2018/10/19,21,5.7,21.55,24.724,10.872,12.699,FALSE,FALSE,FALSE,FALSE,FALSE,FALSE,FALSE,FALSE,FALSE,FALSE,FALSE,FALSE,TRUE,FALSE,FALSE,FALSE,FALSE,FALSE,FALSE,1,0,0,0,0,0,0,1,0,21550000,24724000,10872000,12699
87,257454,第七个小矮人,2018/6/16,29,8.5,12.331,25.491,5.74,8.695,FALSE,FALSE,FALSE,FALSE,FALSE,TRUE,TRUE,FALSE,FALSE,FALSE,TRUE,FALSE,FALSE,FALSE,FALSE,FALSE,FALSE,FALSE,FALSE,0,0,0,0,0,1,0,0,1,12331000,25491000,5740000,8695
77,346465,绿毛怪格林奇,2018/12/14,31,8.6,19.485,26.438,2.742,8.031,TRUE,FALSE,FALSE,FALSE,FALSE,FALSE,TRUE,FALSE,FALSE,FALSE,TRUE,TRUE,FALSE,FALSE,FALSE,FALSE,FALSE,FALSE,FALSE,0,0,1,0,0,0,1,1,1,19485000,26438000,2742000,8031
326,672279,雪暴,2019/4/30,25,8.3,19.511,27.581,5.232,11.521,FALSE,FALSE,FALSE,FALSE,TRUE,FALSE,FALSE,FALSE,TRUE,FALSE,FALSE,FALSE,TRUE,FALSE,TRUE,FALSE,TRUE,FALSE,FALSE,1,0,0,0,0,0,0,0,0,19511000,27581000,5232000,11521
98,1212533,金龟子,2018/2/2,16,8.5,10.893,27.798,4.365,4.2,FALSE,FALSE,FALSE,FALSE,FALSE,TRUE,FALSE,FALSE,FALSE,FALSE,TRUE,TRUE,FALSE,FALSE,FALSE,FALSE,FALSE,FALSE,FALSE,1,0,0,0,0,0,0,0,1,10893000,27798000,4365000,4200
9,345870,传奇的诞生,2018/9/7,24,9.2,17.308,28.276,4.658,8.683,FALSE,FALSE,FALSE,FALSE,FALSE,FALSE,FALSE,FALSE,FALSE,FALSE,FALSE,FALSE,TRUE,FALSE,FALSE,FALSE,FALSE,FALSE,FALSE,0,0,1,0,0,0,0,0,0,17308000,28276000,4658000,8683
43,1234403,恐龙王,2018/11/10,38,8.9,9.856,28.605,4.807,5.347,FALSE,FALSE,FALSE,FALSE,FALSE,TRUE,TRUE,FALSE,FALSE,FALSE,TRUE,FALSE,FALSE,FALSE,FALSE,FALSE,FALSE,FALSE,FALSE,1,0,0,0,0,0,0,0,0,9856000,28605000,4807000,5347
107,1203768,浪矢解忧杂货店,2018/2/2,15,8.4,16.802,28.763,6.268,14.296,FALSE,FALSE,FALSE,FALSE,FALSE,FALSE,FALSE,FALSE,FALSE,FALSE,FALSE,FALSE,TRUE,TRUE,FALSE,FALSE,FALSE,FALSE,FALSE,0,0,0,1,0,0,0,1,1,16802000,28763000,6268000,14296
164,343176,奇葩朵朵,2018/4/4,24,8,26.689,30.214,10.692,16.247,FALSE,FALSE,FALSE,TRUE,FALSE,FALSE,TRUE,FALSE,FALSE,FALSE,FALSE,FALSE,FALSE,FALSE,FALSE,FALSE,FALSE,FALSE,FALSE,1,0,0,0,0,0,0,0,0,26689000,30214000,10692000,16247
65,1221035,老爸102岁,2018/11/30,26,8.7,22.111,30.23,7.864,10.985,FALSE,FALSE,FALSE,FALSE,FALSE,FALSE,TRUE,FALSE,FALSE,FALSE,FALSE,TRUE,TRUE,FALSE,FALSE,FALSE,FALSE,FALSE,FALSE,0,0,0,0,1,0,0,0,0,22111000,30230000,7864000,10985
94,1219776,网络谜踪,2018/12/14,22,8.5,18.289,30.494,5.146,6.985,FALSE,FALSE,FALSE,FALSE,TRUE,FALSE,FALSE,FALSE,FALSE,FALSE,FALSE,FALSE,TRUE,FALSE,TRUE,FALSE,FALSE,FALSE,FALSE,0,0,1,0,0,1,0,0,0,18289000,30494000,5146000,6985
215,1213098,的士速递5,2018/8/3,32,7.3,23.109,31.21,10.54,28.293,FALSE,FALSE,FALSE,FALSE,FALSE,FALSE,TRUE,FALSE,TRUE,FALSE,FALSE,FALSE,FALSE,FALSE,FALSE,FALSE,FALSE,TRUE,FALSE,0,0,0,0,0,1,0,0,1,23109000,31210000,10540000,28293
322,341229,命运之夜——天之杯：恶兆之花,2019/1/11,26,8.4,24.574,31.618,11.371,30.213,FALSE,FALSE,FALSE,FALSE,TRUE,FALSE,FALSE,FALSE,FALSE,FALSE,TRUE,FALSE,TRUE,FALSE,FALSE,FALSE,FALSE,FALSE,FALSE,0,0,0,1,0,0,0,0,1,24574000,31618000,11371000,30213
356,1216267,家和万事惊,2019/1/18,18,5.9,12.565,32.625,6.454,11.115,FALSE,FALSE,FALSE,FALSE,FALSE,FALSE,TRUE,FALSE,FALSE,FALSE,FALSE,FALSE,FALSE,FALSE,FALSE,FALSE,FALSE,FALSE,FALSE,1,1,0,0,0,0,1,1,0,12565000,32625000,6454000,11115
269,78490,冰封侠:时空行者,2018/11/2,23,4.1,27.185,34.493,12.669,14.406,FALSE,FALSE,FALSE,FALSE,FALSE,FALSE,FALSE,FALSE,TRUE,FALSE,FALSE,FALSE,TRUE,FALSE,FALSE,FALSE,FALSE,FALSE,FALSE,1,1,0,0,0,0,1,0,0,27185000,34493000,12669000,14406
219,1198439,低压槽：欲望之城,2018/4/28,23,7.2,17.968,34.909,9.774,13.82,FALSE,FALSE,FALSE,FALSE,FALSE,FALSE,FALSE,FALSE,TRUE,FALSE,FALSE,FALSE,FALSE,FALSE,TRUE,FALSE,TRUE,FALSE,FALSE,1,1,0,0,0,0,0,1,0,17968000,34909000,9774000,13820
110,344162,脱单告急,2018/4/20,22,8.4,23.015,35.02,9.139,9.583,FALSE,FALSE,FALSE,TRUE,FALSE,FALSE,TRUE,FALSE,FALSE,FALSE,FALSE,FALSE,TRUE,FALSE,FALSE,FALSE,FALSE,FALSE,FALSE,1,0,0,0,0,0,0,0,0,23015000,35020000,9139000,9583
10,439495,苏丹,2018/8/31,29,9.2,20.48,36.144,6.257,13.104,FALSE,FALSE,FALSE,TRUE,FALSE,FALSE,FALSE,FALSE,TRUE,FALSE,FALSE,FALSE,TRUE,FALSE,FALSE,FALSE,FALSE,TRUE,FALSE,0,0,0,0,1,0,0,0,0,20480000,36144000,6257000,13104
300,1215867,一条狗的回家路,2019/1/18,18,9,19.913,36.436,7.152,14.858,FALSE,FALSE,FALSE,FALSE,FALSE,TRUE,TRUE,FALSE,FALSE,FALSE,FALSE,TRUE,FALSE,FALSE,FALSE,FALSE,FALSE,FALSE,FALSE,0,0,1,0,0,0,0,0,0,19913000,36436000,7152000,14858
124,1206839,我是你妈,2018/5/11,30,8.3,24.665,36.822,6.288,17.557,FALSE,FALSE,FALSE,FALSE,FALSE,FALSE,TRUE,FALSE,FALSE,FALSE,FALSE,FALSE,TRUE,FALSE,FALSE,FALSE,FALSE,FALSE,FALSE,1,0,0,0,0,0,0,0,0,24665000,36822000,6288000,17557
50,1204720,妈妈咪鸭,2018/3/9,37,8.8,21.312,37.234,4.079,9.351,FALSE,FALSE,FALSE,FALSE,FALSE,TRUE,FALSE,FALSE,FALSE,FALSE,TRUE,TRUE,FALSE,FALSE,FALSE,FALSE,FALSE,FALSE,FALSE,1,0,1,0,0,0,0,0,0,21312000,37234000,4079000,9351
123,1217434,大闹西游,2018/9/22,26,8.3,18.15,37.854,8.526,7.646,FALSE,FALSE,FALSE,FALSE,FALSE,FALSE,TRUE,FALSE,FALSE,FALSE,TRUE,TRUE,FALSE,FALSE,FALSE,FALSE,FALSE,FALSE,FALSE,1,0,0,0,0,0,0,0,1,18150000,37854000,8526000,7646
233,345013,战神纪,2018/4/28,26,6.8,19.807,38.076,11.359,14.567,FALSE,FALSE,FALSE,TRUE,FALSE,TRUE,FALSE,FALSE,TRUE,FALSE,FALSE,FALSE,FALSE,FALSE,FALSE,FALSE,TRUE,FALSE,FALSE,1,0,0,0,0,0,0,0,0,19807000,38076000,11359000,14567
284,1220571,我的英雄学院：两位英雄,2019/3/15,27,9.2,31.723,38.743,10.512,39.367,FALSE,FALSE,FALSE,FALSE,FALSE,FALSE,FALSE,FALSE,FALSE,FALSE,TRUE,FALSE,FALSE,FALSE,FALSE,FALSE,FALSE,FALSE,FALSE,0,0,0,1,0,0,0,0,1,31723000,38743000,10512000,39367
304,1239844,钢铁飞龙之奥特曼崛起,2019/1/18,40,8.9,11.533,42.592,3.241,8.169,FALSE,TRUE,FALSE,FALSE,FALSE,FALSE,FALSE,FALSE,TRUE,FALSE,TRUE,FALSE,FALSE,FALSE,FALSE,FALSE,FALSE,FALSE,FALSE,1,0,0,0,0,0,0,0,1,11533000,42592000,3241000,8169
185,1199188,犬之岛,2018/4/20,29,7.8,26.054,43.525,6.928,11.78,FALSE,FALSE,FALSE,FALSE,FALSE,TRUE,TRUE,FALSE,FALSE,FALSE,TRUE,FALSE,FALSE,FALSE,FALSE,FALSE,FALSE,FALSE,FALSE,0,0,1,0,0,0,0,1,0,26054000,43525000,6928000,11780
344,907653,狂暴凶狮,2019/3/22,27,7.7,35.428,44.578,13.495,17.389,FALSE,FALSE,FALSE,FALSE,FALSE,TRUE,FALSE,FALSE,TRUE,FALSE,FALSE,FALSE,FALSE,FALSE,FALSE,FALSE,FALSE,FALSE,FALSE,0,0,0,0,0,1,0,0,0,35428000,44578000,13495000,17389
307,507792,地久天长,2019/3/22,45,8.8,24.539,45.065,6.619,22.486,FALSE,FALSE,FALSE,FALSE,FALSE,FALSE,FALSE,FALSE,FALSE,FALSE,FALSE,FALSE,TRUE,FALSE,FALSE,FALSE,FALSE,FALSE,FALSE,1,0,0,0,0,0,1,1,0,24539000,45065000,6619000,22486
112,342900,通勤营救,2018/3/30,30,8.4,26.088,45.405,8.12,11.764,FALSE,FALSE,FALSE,FALSE,TRUE,FALSE,FALSE,FALSE,TRUE,FALSE,FALSE,FALSE,TRUE,FALSE,FALSE,FALSE,FALSE,FALSE,FALSE,0,0,1,0,0,1,0,1,0,26088000,45405000,8120000,11764
313,1211412,神奇乐园历险记,2019/4/19,32,8.7,21.974,46.619,2.448,3.575,FALSE,FALSE,FALSE,FALSE,FALSE,TRUE,TRUE,FALSE,FALSE,FALSE,TRUE,TRUE,FALSE,FALSE,FALSE,FALSE,FALSE,FALSE,FALSE,0,0,1,0,0,1,0,0,0,21974000,46619000,2448000,3575
62,1208748,小马宝莉大电影,2018/2/2,27,8.7,16.983,46.813,5.408,4.676,FALSE,FALSE,FALSE,FALSE,FALSE,TRUE,TRUE,FALSE,FALSE,FALSE,TRUE,FALSE,FALSE,FALSE,FALSE,FALSE,FALSE,FALSE,FALSE,0,0,1,0,0,1,0,0,1,16983000,46813000,5408000,4676
26,1229214,爸，我一定行的,2018/8/24,37,9,18.82,47.066,4.314,23.967,FALSE,FALSE,FALSE,FALSE,FALSE,FALSE,TRUE,FALSE,FALSE,FALSE,FALSE,FALSE,TRUE,FALSE,FALSE,FALSE,FALSE,TRUE,FALSE,1,0,0,0,0,0,0,0,0,18820000,47066000,4314000,23967
106,1197626,镰仓物语,2018/9/14,26,8.4,25.24,48.511,6.952,18.391,FALSE,FALSE,FALSE,FALSE,FALSE,FALSE,FALSE,FALSE,FALSE,FALSE,FALSE,FALSE,TRUE,TRUE,FALSE,FALSE,FALSE,FALSE,FALSE,0,0,0,1,0,0,0,1,1,25240000,48511000,6952000,18391
244,346096,阿修罗,2018/7/13,8,6.4,48.614,49.84,25.529,42.182,FALSE,FALSE,FALSE,TRUE,FALSE,FALSE,FALSE,FALSE,TRUE,FALSE,FALSE,FALSE,FALSE,TRUE,FALSE,FALSE,FALSE,TRUE,FALSE,1,0,0,0,0,0,0,1,0,48614000,49840000,25529000,42182
264,1189514,断片之险途夺宝,2018/12/29,22,4.8,36.643,50.387,23.928,17.713,FALSE,FALSE,FALSE,FALSE,FALSE,TRUE,TRUE,FALSE,FALSE,FALSE,FALSE,FALSE,FALSE,FALSE,FALSE,FALSE,FALSE,FALSE,FALSE,1,0,0,0,0,0,0,1,0,36643000,50387000,23928000,17713
327,457445,掠食城市,2019/1/18,19,8.3,28.36,50.486,9.381,12.578,TRUE,FALSE,FALSE,FALSE,FALSE,TRUE,FALSE,FALSE,TRUE,FALSE,FALSE,FALSE,FALSE,TRUE,FALSE,FALSE,FALSE,FALSE,FALSE,0,0,1,0,0,1,0,0,1,28360000,50486000,9381000,12578
146,1200978,遇见你真好,2018/3/29,31,8.1,33.701,51.012,12.084,27.859,FALSE,FALSE,FALSE,TRUE,FALSE,FALSE,TRUE,FALSE,FALSE,FALSE,FALSE,FALSE,TRUE,FALSE,FALSE,FALSE,FALSE,FALSE,FALSE,1,0,0,0,0,0,0,0,0,33701000,51012000,12084000,27859
137,78480,狗十三,2018/12/7,33,8.2,16.145,51.26,3.82,12.026,FALSE,FALSE,FALSE,FALSE,FALSE,FALSE,FALSE,FALSE,FALSE,FALSE,FALSE,FALSE,TRUE,FALSE,FALSE,FALSE,FALSE,FALSE,FALSE,1,0,0,0,0,0,0,1,0,16145000,51260000,3820000,12026
226,1200045,深海越狱,2018/6/8,22,7,40.755,51.375,17.66,21.307,FALSE,FALSE,FALSE,FALSE,FALSE,FALSE,FALSE,FALSE,TRUE,FALSE,FALSE,FALSE,TRUE,FALSE,TRUE,FALSE,FALSE,FALSE,FALSE,0,0,1,0,0,0,0,0,0,40755000,51375000,17660000,21307
55,343667,流浪猫鲍勃,2018/11/2,22,8.8,28.877,52.978,4.749,7.082,FALSE,FALSE,FALSE,FALSE,FALSE,FALSE,TRUE,FALSE,FALSE,FALSE,FALSE,FALSE,TRUE,FALSE,FALSE,FALSE,FALSE,FALSE,FALSE,0,0,0,0,0,1,0,0,0,28877000,52978000,4749000,7082
86,367738,完美陌生人,2018/5/25,32,8.5,18.414,53.515,5.239,16.589,FALSE,FALSE,FALSE,FALSE,FALSE,FALSE,FALSE,FALSE,FALSE,FALSE,FALSE,FALSE,TRUE,FALSE,FALSE,FALSE,FALSE,FALSE,FALSE,0,0,0,0,0,1,0,0,0,18414000,53515000,5239000,16589
135,345991,暴裂无声,2018/4/4,26,8.2,35.869,54.248,8.061,15.624,FALSE,FALSE,FALSE,FALSE,TRUE,FALSE,FALSE,FALSE,FALSE,TRUE,FALSE,FALSE,FALSE,FALSE,TRUE,FALSE,FALSE,FALSE,FALSE,1,0,0,0,0,0,0,1,0,35869000,54248000,8061000,15624
152,1227585,新灰姑娘,2018/10/1,33,8.1,55.003,60.138,12.481,8.456,FALSE,FALSE,FALSE,FALSE,FALSE,TRUE,FALSE,FALSE,FALSE,FALSE,TRUE,FALSE,FALSE,TRUE,FALSE,FALSE,FALSE,FALSE,TRUE,1,0,1,0,0,0,0,0,1,55003000,60138000,12481000,8456
125,1204714,忌日快乐,2018/2/2,19,8.3,16.649,61.262,5.051,8.367,FALSE,FALSE,FALSE,FALSE,FALSE,FALSE,TRUE,TRUE,FALSE,TRUE,FALSE,FALSE,FALSE,FALSE,FALSE,FALSE,FALSE,FALSE,FALSE,0,0,1,0,0,0,0,0,0,16649000,61262000,5051000,8367
153,1203678,我的间谍前男友,2018/10/19,21,8.1,40.092,61.745,12.072,6.876,FALSE,FALSE,FALSE,FALSE,FALSE,FALSE,TRUE,FALSE,TRUE,FALSE,FALSE,FALSE,FALSE,FALSE,FALSE,FALSE,FALSE,FALSE,FALSE,0,0,1,0,0,0,0,0,0,40092000,61745000,12072000,6876
150,1204476,印度暴徒,2018/12/28,29,8.1,32.633,61.929,10.435,17.79,FALSE,FALSE,FALSE,FALSE,FALSE,TRUE,TRUE,FALSE,TRUE,FALSE,FALSE,FALSE,FALSE,FALSE,FALSE,FALSE,FALSE,FALSE,FALSE,0,0,0,0,1,0,0,1,0,32633000,61929000,10435000,17790
355,1206824,人间·喜剧,2019/3/29,28,5.9,56.276,62.888,30.259,27.513,FALSE,FALSE,FALSE,FALSE,FALSE,FALSE,TRUE,FALSE,FALSE,FALSE,FALSE,FALSE,TRUE,FALSE,FALSE,FALSE,FALSE,FALSE,FALSE,1,0,0,0,0,0,0,1,0,56276000,62888000,30259000,27513
240,247083,闺蜜2,2018/3/2,33,6.6,49.62,64.345,27.073,26.018,FALSE,FALSE,FALSE,TRUE,FALSE,FALSE,TRUE,FALSE,FALSE,FALSE,FALSE,FALSE,FALSE,FALSE,FALSE,FALSE,FALSE,FALSE,FALSE,1,1,0,0,0,0,0,1,1,49620000,64345000,27073000,26018
351,345875,风中有朵雨做的云,2019/4/4,25,7,51.516,64.78,16.5,26.98,FALSE,FALSE,FALSE,FALSE,TRUE,FALSE,FALSE,FALSE,FALSE,FALSE,FALSE,FALSE,TRUE,FALSE,TRUE,FALSE,FALSE,FALSE,FALSE,1,0,0,0,0,0,0,1,1,51516000,64780000,16500000,26980
109,338400,神奇马戏团之动物饼干,2018/7/21,32,8.4,25.218,64.882,14.614,12.748,FALSE,FALSE,FALSE,FALSE,FALSE,FALSE,TRUE,FALSE,FALSE,FALSE,TRUE,TRUE,FALSE,FALSE,FALSE,FALSE,FALSE,TRUE,FALSE,1,0,1,0,0,1,0,0,0,25218000,64882000,14614000,12748
74,342754,三块广告牌,2018/3/2,41,8.6,15.025,64.99,2.96,14.326,FALSE,FALSE,FALSE,FALSE,FALSE,FALSE,FALSE,FALSE,FALSE,FALSE,FALSE,FALSE,TRUE,FALSE,TRUE,FALSE,FALSE,FALSE,FALSE,0,0,1,0,0,1,0,0,0,15025000,64990000,2960000,14326
210,338426,湮灭,2018/4/13,29,7.4,38.377,66.08,13.752,22.222,FALSE,TRUE,FALSE,FALSE,FALSE,FALSE,FALSE,FALSE,TRUE,FALSE,FALSE,FALSE,TRUE,FALSE,FALSE,FALSE,FALSE,FALSE,FALSE,0,0,1,0,0,1,0,1,1,38377000,66080000,13752000,22222
302,1205909,祈祷落幕时,2019/4/12,31,9,29.408,67.485,8.064,11.579,FALSE,FALSE,FALSE,FALSE,TRUE,FALSE,FALSE,FALSE,FALSE,FALSE,FALSE,FALSE,TRUE,FALSE,TRUE,FALSE,FALSE,FALSE,FALSE,0,0,0,1,0,0,0,1,1,29408000,67485000,8064000,11579
11,1215919,印度合伙人,2018/12/14,29,9.2,35.935,67.553,10.197,10.102,FALSE,FALSE,FALSE,TRUE,FALSE,FALSE,TRUE,FALSE,FALSE,FALSE,FALSE,FALSE,TRUE,FALSE,FALSE,FALSE,FALSE,FALSE,FALSE,0,0,0,0,1,0,0,0,0,35935000,67553000,10197000,10102
178,1203310,龙虾刑警,2018/6/22,29,7.8,44.855,68.791,18.083,16.077,FALSE,FALSE,FALSE,FALSE,FALSE,FALSE,TRUE,FALSE,TRUE,FALSE,FALSE,FALSE,FALSE,FALSE,TRUE,FALSE,FALSE,FALSE,FALSE,1,0,0,0,0,0,0,0,0,44855000,68791000,18083000,16077
198,1208342,江湖儿女,2018/9/21,34,7.6,40.792,69.947,13.252,12.175,FALSE,FALSE,FALSE,TRUE,FALSE,FALSE,FALSE,FALSE,FALSE,FALSE,FALSE,FALSE,FALSE,FALSE,TRUE,FALSE,FALSE,FALSE,FALSE,1,0,0,0,0,0,1,1,0,40792000,69947000,13252000,12175
165,1208008,泄密者,2018/6/15,29,8,34.258,70.821,10.163,17.567,FALSE,FALSE,FALSE,FALSE,TRUE,FALSE,FALSE,FALSE,TRUE,FALSE,FALSE,FALSE,FALSE,FALSE,TRUE,FALSE,FALSE,FALSE,FALSE,0,1,0,0,0,0,0,1,0,34258000,70821000,10163000,17567
111,1216914,潜艇总动员：海底两万里,2018/6/1,35,8.4,59.276,72.693,32.45,17.534,FALSE,FALSE,FALSE,FALSE,FALSE,FALSE,FALSE,FALSE,FALSE,FALSE,TRUE,FALSE,FALSE,FALSE,FALSE,FALSE,FALSE,FALSE,FALSE,1,0,0,0,0,0,0,0,0,59276000,72693000,32450000,17534
83,341941,冰雪女王3：火与冰,2018/4/5,60,8.5,43.168,74.226,17.258,17.109,FALSE,FALSE,FALSE,FALSE,FALSE,TRUE,TRUE,FALSE,FALSE,FALSE,TRUE,FALSE,FALSE,FALSE,FALSE,FALSE,FALSE,FALSE,FALSE,0,0,0,0,0,1,0,0,1,43168000,74226000,17258000,17109
281,883196,一个母亲的复仇,2019/5/10,22,9.3,38.832,74.26,9.673,26.497,FALSE,FALSE,FALSE,FALSE,FALSE,FALSE,FALSE,FALSE,FALSE,FALSE,FALSE,FALSE,TRUE,FALSE,TRUE,FALSE,FALSE,FALSE,FALSE,0,0,0,0,1,0,0,0,0,38832000,74260000,9673000,26497
12,1205514,雪怪大冒险,2018/10/19,31,9.2,27.135,75.084,2.273,3.389,FALSE,FALSE,FALSE,FALSE,FALSE,FALSE,TRUE,FALSE,FALSE,FALSE,TRUE,FALSE,FALSE,TRUE,FALSE,FALSE,FALSE,FALSE,FALSE,0,0,1,0,0,0,0,0,0,27135000,75084000,2273000,3389
51,342791,巴霍巴利王2：终结,2018/5/4,32,8.8,49.149,76.838,15.606,26.452,TRUE,FALSE,FALSE,FALSE,FALSE,FALSE,FALSE,FALSE,TRUE,FALSE,FALSE,FALSE,TRUE,TRUE,FALSE,FALSE,FALSE,FALSE,FALSE,0,0,0,0,1,0,0,0,0,49149000,76838000,15606000,26452
84,560411,阿凡提之奇缘历险,2018/10/1,38,8.5,66.213,76.948,12.414,5.38,FALSE,FALSE,FALSE,FALSE,FALSE,TRUE,FALSE,FALSE,FALSE,FALSE,TRUE,FALSE,FALSE,FALSE,FALSE,FALSE,FALSE,FALSE,TRUE,1,0,0,0,0,0,0,0,1,66213000,76948000,12414000,5380
205,342165,武林怪兽,2018/12/21,27,7.5,52.52,79.645,16.616,17.173,TRUE,FALSE,FALSE,FALSE,FALSE,FALSE,TRUE,FALSE,TRUE,FALSE,FALSE,FALSE,FALSE,FALSE,FALSE,FALSE,FALSE,FALSE,FALSE,1,1,0,0,0,0,0,1,0,52520000,79645000,16616000,17173
180,1216326,你好，之华,2018/11/9,29,7.8,40.349,80.201,13.221,20.076,FALSE,FALSE,FALSE,TRUE,FALSE,FALSE,FALSE,FALSE,FALSE,FALSE,FALSE,FALSE,TRUE,FALSE,FALSE,FALSE,FALSE,FALSE,FALSE,1,0,0,0,0,0,1,1,0,40349000,80201000,13221000,20076
80,246596,昨日青空,2018/10/26,32,8.5,49.079,83.827,12.704,13.708,FALSE,FALSE,FALSE,FALSE,FALSE,FALSE,FALSE,FALSE,FALSE,FALSE,TRUE,FALSE,TRUE,FALSE,FALSE,FALSE,FALSE,FALSE,FALSE,1,0,0,0,0,0,0,0,1,49079000,83827000,12704000,13708
243,1197181,金蝉脱壳2：冥府,2018/6/29,29,6.5,70.93,91.323,35.354,45.572,FALSE,FALSE,FALSE,FALSE,FALSE,FALSE,FALSE,FALSE,TRUE,TRUE,FALSE,FALSE,FALSE,FALSE,TRUE,FALSE,FALSE,TRUE,FALSE,0,0,1,0,0,0,0,0,1,70930000,91323000,35354000,45572
91,1199331,厕所英雄,2018/6/8,29,8.5,58.587,94.609,15.141,17.158,FALSE,FALSE,FALSE,TRUE,FALSE,FALSE,FALSE,FALSE,FALSE,FALSE,FALSE,FALSE,TRUE,FALSE,FALSE,FALSE,FALSE,FALSE,FALSE,0,0,0,0,1,0,0,0,0,58587000,94609000,15141000,17158
130,345493,飓风奇劫,2018/11/2,28,8.3,48.904,95.124,9.157,6.445,FALSE,FALSE,FALSE,FALSE,FALSE,FALSE,FALSE,FALSE,TRUE,FALSE,FALSE,FALSE,FALSE,FALSE,TRUE,FALSE,FALSE,FALSE,FALSE,0,0,1,0,0,0,0,0,0,48904000,95124000,9157000,6445
162,1216365,小偷家族,2018/8/3,41,8,48.395,96.749,13.399,21.215,FALSE,FALSE,FALSE,FALSE,FALSE,FALSE,FALSE,FALSE,FALSE,FALSE,FALSE,FALSE,TRUE,FALSE,TRUE,FALSE,FALSE,TRUE,FALSE,0,0,0,1,0,0,1,0,0,48395000,96749000,13399000,21215
278,1167831,波西米亚狂想曲,2019/3/22,48,9.5,41.776,98.722,10.289,17.316,TRUE,FALSE,FALSE,FALSE,FALSE,FALSE,FALSE,FALSE,FALSE,FALSE,FALSE,FALSE,TRUE,FALSE,FALSE,FALSE,FALSE,FALSE,FALSE,0,0,1,0,0,1,0,0,1,41776000,98722000,10289000,17316
42,246714,马戏之王,2018/2/1,27,8.9,48.025,101,13.601,10.22,TRUE,FALSE,FALSE,FALSE,FALSE,FALSE,FALSE,FALSE,FALSE,FALSE,FALSE,FALSE,TRUE,FALSE,FALSE,FALSE,FALSE,FALSE,FALSE,0,0,1,0,0,0,0,1,0,48025000,101000000,13601000,10220
220,672164,幸福马上来,2018/6/8,49,7.2,45.734,101,14.608,17.723,FALSE,FALSE,FALSE,FALSE,FALSE,FALSE,TRUE,FALSE,FALSE,FALSE,FALSE,FALSE,TRUE,FALSE,FALSE,FALSE,FALSE,FALSE,FALSE,1,0,0,0,0,0,0,0,0,45734000,101000000,14608000,17723
61,1220736,神秘世界历险记4,2018/8/3,50,8.7,43.623,104,10.664,16.057,FALSE,FALSE,FALSE,FALSE,FALSE,TRUE,FALSE,FALSE,FALSE,FALSE,TRUE,FALSE,FALSE,TRUE,FALSE,FALSE,FALSE,TRUE,FALSE,1,0,0,0,0,0,0,0,1,43623000,104000000,10664000,16057
163,1204622,水形物语,2018/3/16,29,8,67.718,105,21.817,43.523,FALSE,FALSE,FALSE,TRUE,FALSE,FALSE,FALSE,FALSE,FALSE,FALSE,FALSE,FALSE,TRUE,TRUE,FALSE,FALSE,FALSE,FALSE,FALSE,0,0,1,0,0,0,0,0,0,67718000,105000000,21817000,43523
148,341944,游侠索罗：星球大战外传,2018/5/25,29,8.1,63.183,106,20.104,21.557,TRUE,TRUE,FALSE,FALSE,FALSE,FALSE,FALSE,FALSE,TRUE,FALSE,FALSE,FALSE,FALSE,FALSE,FALSE,FALSE,FALSE,FALSE,FALSE,0,0,1,0,0,0,1,1,1,63183000,106000000,20104000,21557
120,344950,21克拉,2018/4/20,32,8.3,63.314,110,18.17,31.863,FALSE,FALSE,FALSE,TRUE,FALSE,FALSE,TRUE,FALSE,FALSE,FALSE,FALSE,FALSE,FALSE,FALSE,FALSE,FALSE,FALSE,FALSE,FALSE,1,0,0,0,0,0,0,1,1,63314000,110000000,18170000,31863
311,1219670,海市蜃楼,2019/3/28,29,8.7,65.416,110,5.277,11.856,FALSE,TRUE,FALSE,TRUE,TRUE,FALSE,FALSE,FALSE,FALSE,FALSE,FALSE,FALSE,FALSE,FALSE,FALSE,FALSE,FALSE,FALSE,FALSE,0,0,0,0,0,1,0,0,0,65416000,110000000,5277000,11856
23,1217513,风语咒,2018/8/3,35,9,61.921,112,19.434,34.955,FALSE,FALSE,FALSE,FALSE,FALSE,TRUE,FALSE,FALSE,FALSE,FALSE,TRUE,FALSE,FALSE,TRUE,FALSE,FALSE,FALSE,TRUE,FALSE,1,0,0,0,0,0,0,0,1,61921000,112000000,19434000,34955
173,346015,胡桃夹子和四个王国,2018/11/2,31,7.9,82.552,112,23.662,31.315,FALSE,FALSE,FALSE,FALSE,FALSE,TRUE,FALSE,FALSE,TRUE,FALSE,FALSE,FALSE,FALSE,TRUE,FALSE,FALSE,FALSE,FALSE,FALSE,0,0,1,0,0,0,0,1,1,82552000,112000000,23662000,31315
121,344292,阿尔法：狼伴归途,2018/9/7,30,8.3,70.232,114,22.097,24.548,TRUE,FALSE,FALSE,FALSE,FALSE,TRUE,FALSE,FALSE,TRUE,FALSE,FALSE,TRUE,FALSE,FALSE,FALSE,FALSE,FALSE,FALSE,FALSE,0,0,1,0,0,0,0,0,0,70232000,114000000,22097000,24548
350,1215114,廉政风云,2019/2/5,38,7,95.242,114,55.879,22.879,FALSE,FALSE,FALSE,FALSE,TRUE,FALSE,FALSE,FALSE,FALSE,FALSE,FALSE,FALSE,FALSE,FALSE,TRUE,TRUE,FALSE,FALSE,FALSE,1,1,0,0,0,0,0,1,0,95242000,114000000,55879000,22879
295,1250341,夏目友人帐,2019/3/7,31,9,84.04,115,19.389,83.298,FALSE,FALSE,FALSE,FALSE,FALSE,FALSE,FALSE,FALSE,FALSE,FALSE,TRUE,FALSE,TRUE,TRUE,FALSE,FALSE,FALSE,FALSE,FALSE,0,0,0,1,0,0,0,1,1,84040000,115000000,19389000,83298
363,1228776,下一任：前任,2019/5/1,27,4.3,100,117,46.608,127.357,FALSE,FALSE,FALSE,TRUE,FALSE,FALSE,FALSE,FALSE,FALSE,FALSE,FALSE,FALSE,FALSE,FALSE,FALSE,FALSE,TRUE,FALSE,FALSE,1,0,0,0,0,0,0,0,0,100000000,117000000,46608000,127357
234,344649,天气预爆,2018/12/21,28,6.8,85.448,123,38.377,32.673,TRUE,FALSE,FALSE,FALSE,FALSE,FALSE,TRUE,FALSE,FALSE,FALSE,FALSE,FALSE,TRUE,TRUE,FALSE,FALSE,FALSE,FALSE,FALSE,1,0,0,0,0,0,0,0,0,85448000,123000000,38377000,32673
358,1233150,小猪佩奇过大年,2019/2/5,29,5.7,112,124,58.209,22.584,FALSE,FALSE,FALSE,FALSE,FALSE,FALSE,TRUE,FALSE,FALSE,FALSE,TRUE,TRUE,FALSE,FALSE,FALSE,TRUE,FALSE,FALSE,FALSE,1,0,0,0,0,1,0,0,1,112000000,124000000,58209000,22584
104,1225632,名侦探柯南：零的执行人,2018/11/9,31,8.4,80.883,127,25.897,44.185,FALSE,FALSE,FALSE,FALSE,TRUE,FALSE,FALSE,FALSE,TRUE,FALSE,TRUE,FALSE,FALSE,FALSE,FALSE,FALSE,FALSE,FALSE,FALSE,0,0,0,1,0,0,0,0,1,80883000,127000000,25897000,44185
204,248907,新乌龙院之笑闹江湖,2018/8/17,31,7.5,102,130,67.399,69.803,FALSE,FALSE,FALSE,FALSE,FALSE,FALSE,TRUE,FALSE,TRUE,FALSE,FALSE,FALSE,TRUE,FALSE,FALSE,FALSE,FALSE,TRUE,FALSE,1,0,0,0,0,0,0,0,1,102000000,130000000,67399000,69803
27,1200265,叶问外传：张天志,2018/12/21,32,9,42.041,131,10.002,15.421,TRUE,FALSE,FALSE,FALSE,FALSE,FALSE,FALSE,FALSE,TRUE,FALSE,FALSE,FALSE,FALSE,FALSE,FALSE,FALSE,FALSE,FALSE,FALSE,1,1,0,0,0,0,0,0,1,42041000,131000000,10002000,15421
69,1218190,大师兄,2018/8/24,29,8.6,89.594,146,34.854,26.122,FALSE,FALSE,FALSE,FALSE,FALSE,FALSE,TRUE,FALSE,TRUE,FALSE,FALSE,FALSE,FALSE,FALSE,FALSE,FALSE,FALSE,TRUE,FALSE,1,1,0,0,0,0,0,1,0,89594000,146000000,34854000,26122
298,346765,小飞象,2019/3/29,32,9,72.258,147,12.801,18.656,TRUE,FALSE,FALSE,FALSE,FALSE,FALSE,FALSE,FALSE,FALSE,FALSE,TRUE,TRUE,FALSE,TRUE,FALSE,FALSE,FALSE,FALSE,FALSE,0,0,1,0,0,0,1,1,1,72258000,147000000,12801000,18656
6,1229020,嗝嗝老师,2018/10/12,43,9.3,29.223,149,5.056,5.29,FALSE,FALSE,FALSE,FALSE,FALSE,FALSE,TRUE,FALSE,FALSE,FALSE,FALSE,FALSE,TRUE,FALSE,FALSE,FALSE,FALSE,FALSE,FALSE,0,0,0,0,1,0,0,0,0,29223000,149000000,5056000,5290
255,345655,云南虫谷,2018/12/29,32,5.5,98.996,150,64.725,49.344,TRUE,FALSE,FALSE,FALSE,FALSE,TRUE,FALSE,FALSE,TRUE,FALSE,FALSE,FALSE,FALSE,FALSE,FALSE,FALSE,FALSE,FALSE,FALSE,1,0,0,0,0,0,0,0,1,98996000,150000000,64725000,49344
340,1206836,神探蒲松龄,2019/2/5,29,7.8,129,152,66.151,23.371,FALSE,FALSE,FALSE,FALSE,FALSE,FALSE,TRUE,FALSE,TRUE,FALSE,FALSE,FALSE,FALSE,TRUE,FALSE,TRUE,FALSE,FALSE,FALSE,1,1,0,0,0,0,0,1,1,129000000,152000000,66151000,23371
214,248162,欧洲攻略,2018/8/17,25,7.3,135,153,97.216,66.5,TRUE,FALSE,FALSE,TRUE,FALSE,FALSE,TRUE,FALSE,TRUE,FALSE,FALSE,FALSE,FALSE,FALSE,FALSE,FALSE,FALSE,TRUE,FALSE,1,0,0,0,0,0,0,1,0,135000000,153000000,97216000,66500
73,1220713,新大头儿子和小头爸爸3：俄罗斯奇遇记,2018/7/6,46,8.6,70.423,158,19.128,27.049,FALSE,FALSE,FALSE,FALSE,FALSE,TRUE,FALSE,FALSE,FALSE,FALSE,TRUE,FALSE,FALSE,TRUE,FALSE,FALSE,FALSE,TRUE,FALSE,1,0,0,0,0,0,0,0,1,70423000,158000000,19128000,27049
36,343762,比得兔,2018/3/2,61,8.9,80.148,168,20.015,27.332,FALSE,FALSE,FALSE,FALSE,FALSE,TRUE,TRUE,FALSE,FALSE,FALSE,TRUE,FALSE,FALSE,FALSE,FALSE,FALSE,FALSE,FALSE,FALSE,0,0,1,0,0,0,0,0,1,80148000,168000000,20015000,27332
196,1211538,祖宗十九代,2018/2/16,40,7.6,49.482,169,17.422,23.267,FALSE,FALSE,FALSE,FALSE,FALSE,FALSE,TRUE,FALSE,FALSE,FALSE,FALSE,FALSE,FALSE,TRUE,FALSE,TRUE,FALSE,FALSE,FALSE,1,0,0,0,0,0,0,1,0,49482000,169000000,17422000,23267
70,1207271,憨豆特工3,2018/11/23,31,8.6,79.535,172,21.344,41.413,FALSE,FALSE,FALSE,FALSE,FALSE,TRUE,TRUE,FALSE,TRUE,FALSE,FALSE,FALSE,FALSE,FALSE,FALSE,FALSE,FALSE,FALSE,FALSE,0,0,1,0,0,1,1,1,1,79535000,172000000,21344000,41413
13,123,龙猫,2018/12/14,54,9.1,89.631,173,18.784,63.291,FALSE,FALSE,FALSE,FALSE,FALSE,TRUE,FALSE,FALSE,FALSE,FALSE,TRUE,TRUE,FALSE,TRUE,FALSE,FALSE,FALSE,FALSE,FALSE,0,0,0,1,0,0,1,0,0,89631000,173000000,18784000,63291
315,344262,一吻定情,2019/2/14,29,8.6,130,173,91.298,47.85,FALSE,FALSE,FALSE,TRUE,FALSE,FALSE,TRUE,FALSE,FALSE,FALSE,FALSE,FALSE,FALSE,FALSE,FALSE,FALSE,FALSE,FALSE,FALSE,1,1,0,0,0,0,0,0,1,130000000,173000000,91298000,47850
147,1139994,猛虫过江,2018/6/15,35,8.1,66.307,203,18.243,19.108,FALSE,FALSE,FALSE,FALSE,FALSE,FALSE,TRUE,FALSE,TRUE,FALSE,FALSE,FALSE,FALSE,FALSE,FALSE,FALSE,FALSE,FALSE,FALSE,1,0,0,0,0,0,0,0,0,66307000,203000000,18243000,19108
133,1207042,哆啦A梦：大雄的金银岛,2018/6/1,31,8.2,157,209,83.924,53.792,FALSE,FALSE,FALSE,FALSE,FALSE,TRUE,FALSE,FALSE,FALSE,FALSE,TRUE,FALSE,FALSE,FALSE,FALSE,FALSE,FALSE,FALSE,FALSE,0,0,0,1,0,0,0,0,1,157000000,209000000,83924000,53792
28,881837,起跑线,2018/4/4,38,9,134,210,21.273,18.667,FALSE,FALSE,FALSE,FALSE,FALSE,FALSE,TRUE,FALSE,FALSE,FALSE,FALSE,FALSE,TRUE,FALSE,FALSE,FALSE,FALSE,FALSE,FALSE,0,0,0,0,1,0,0,0,0,134000000,210000000,21273000,18667
190,342062,铁血战士,2018/10/26,31,7.7,135,216,48.649,37.408,TRUE,TRUE,FALSE,FALSE,FALSE,TRUE,FALSE,FALSE,TRUE,FALSE,FALSE,FALSE,FALSE,FALSE,FALSE,FALSE,FALSE,FALSE,FALSE,0,0,1,0,0,0,0,0,0,135000000,216000000,48649000,37408
189,1203554,寂静之地,2018/5/18,50,7.7,113,220,33.302,69.816,FALSE,FALSE,FALSE,FALSE,FALSE,FALSE,FALSE,TRUE,FALSE,TRUE,FALSE,FALSE,TRUE,FALSE,FALSE,FALSE,FALSE,FALSE,FALSE,0,0,1,0,0,0,0,0,0,113000000,220000000,33302000,69816
59,343070,精灵旅社3：疯狂假期,2018/8/17,54,8.7,116,223,51.526,61.537,FALSE,FALSE,FALSE,FALSE,FALSE,FALSE,TRUE,FALSE,FALSE,FALSE,TRUE,FALSE,FALSE,TRUE,FALSE,FALSE,FALSE,TRUE,FALSE,0,0,1,0,0,0,0,0,1,116000000,223000000,51526000,61537
316,1238846,密室逃生,2019/1/18,33,8.6,56.913,232,12.659,15.771,FALSE,FALSE,FALSE,FALSE,TRUE,FALSE,FALSE,FALSE,FALSE,TRUE,FALSE,FALSE,FALSE,FALSE,TRUE,FALSE,FALSE,FALSE,FALSE,0,0,1,0,0,0,0,0,0,56913000,232000000,12659000,15771
39,338493,南极之恋,2018/2/1,21,8.9,80.469,234,9.254,11.364,FALSE,FALSE,FALSE,TRUE,FALSE,TRUE,FALSE,FALSE,FALSE,FALSE,FALSE,FALSE,FALSE,FALSE,FALSE,FALSE,FALSE,FALSE,FALSE,1,0,0,0,0,0,0,0,0,80469000,234000000,9254000,11364
132,1210830,胖子行动队,2018/9/30,34,8.2,32.102,261,31.363,14.924,FALSE,FALSE,FALSE,FALSE,FALSE,FALSE,TRUE,FALSE,TRUE,FALSE,FALSE,FALSE,FALSE,FALSE,FALSE,FALSE,FALSE,FALSE,TRUE,1,0,0,0,0,0,0,0,0,32102000,261000000,31363000,14924
49,341213,无敌破坏王2：大闹互联网,2018/11/23,30,8.8,135,271,28.623,38.578,TRUE,FALSE,FALSE,FALSE,FALSE,TRUE,TRUE,FALSE,FALSE,FALSE,TRUE,FALSE,FALSE,FALSE,FALSE,FALSE,FALSE,FALSE,FALSE,0,0,1,0,0,0,0,1,1,135000000,271000000,28623000,38578
276,345036,地球最后的夜晚,2018/12/31,19,2.6,280,282,262,53.786,FALSE,FALSE,FALSE,TRUE,TRUE,FALSE,FALSE,FALSE,FALSE,FALSE,FALSE,FALSE,TRUE,FALSE,FALSE,FALSE,FALSE,FALSE,FALSE,1,0,0,0,0,0,0,0,0,280000000,282000000,262000000,53786
2,343136,小萝莉的猴神大叔,2018/3/2,33,9.5,54.091,285,14.152,12.104,FALSE,FALSE,FALSE,FALSE,FALSE,FALSE,TRUE,FALSE,FALSE,FALSE,FALSE,FALSE,TRUE,FALSE,FALSE,FALSE,FALSE,FALSE,FALSE,0,0,0,0,1,0,0,0,0,54091000,285000000,14152000,12104
38,1209159,找到你,2018/10/5,59,8.9,51.953,285,19.19,19.898,FALSE,FALSE,FALSE,FALSE,FALSE,FALSE,FALSE,FALSE,FALSE,FALSE,FALSE,FALSE,TRUE,FALSE,FALSE,FALSE,FALSE,FALSE,TRUE,1,0,0,0,0,0,0,1,0,51953000,285000000,19190000,19898
347,345808,死侍2：我爱我家,2019/1/25,27,7.5,152,286,56.502,63.337,TRUE,FALSE,FALSE,FALSE,FALSE,TRUE,TRUE,FALSE,TRUE,FALSE,FALSE,FALSE,FALSE,FALSE,FALSE,FALSE,FALSE,FALSE,FALSE,0,0,1,0,0,0,0,1,1,152000000,286000000,56502000,63337
341,248123,雷霆沙赞！,2019/4/5,26,7.8,205,294,96.935,42.473,TRUE,FALSE,FALSE,FALSE,FALSE,TRUE,FALSE,FALSE,TRUE,FALSE,FALSE,FALSE,FALSE,TRUE,FALSE,FALSE,FALSE,FALSE,FALSE,0,0,1,0,0,0,0,0,1,205000000,294000000,96935000,42473
105,1204774,黄金兄弟,2018/9/21,32,8.4,157,317,47.478,41.742,TRUE,FALSE,FALSE,FALSE,FALSE,FALSE,FALSE,FALSE,TRUE,FALSE,FALSE,FALSE,TRUE,FALSE,TRUE,FALSE,FALSE,FALSE,FALSE,1,0,0,0,0,0,0,0,0,157000000,317000000,47478000,41742
279,1218727,何以为家,2019/4/29,34,9.3,167,320,12.253,98.145,FALSE,FALSE,FALSE,FALSE,FALSE,FALSE,FALSE,FALSE,FALSE,FALSE,FALSE,FALSE,TRUE,FALSE,FALSE,FALSE,TRUE,FALSE,FALSE,0,0,1,0,0,1,0,0,0,167000000,320000000,12253000,98145
293,1239544,调音师,2019/4/3,52,9.1,91.044,324,7.112,11.639,FALSE,FALSE,FALSE,FALSE,TRUE,FALSE,TRUE,FALSE,FALSE,FALSE,FALSE,FALSE,FALSE,FALSE,TRUE,FALSE,FALSE,FALSE,FALSE,0,0,0,0,1,0,0,0,1,91044000,324000000,7112000,11639
282,1212492,老师·好,2019/3/22,65,9.3,80.087,353,16.586,21.852,FALSE,FALSE,FALSE,FALSE,FALSE,FALSE,TRUE,FALSE,FALSE,FALSE,FALSE,FALSE,TRUE,FALSE,FALSE,FALSE,FALSE,FALSE,FALSE,1,0,0,0,0,0,0,0,0,80087000,353000000,16586000,21852
37,338385,超人总动员2,2018/6/22,50,8.9,137,354,30.401,33.931,TRUE,FALSE,FALSE,FALSE,FALSE,TRUE,FALSE,FALSE,TRUE,FALSE,TRUE,FALSE,FALSE,FALSE,FALSE,FALSE,FALSE,FALSE,FALSE,0,0,1,0,0,0,0,0,1,137000000,354000000,30401000,33931
25,1217236,悲伤逆流成河,2018/9/21,62,9,78.345,356,12.774,23.583,FALSE,FALSE,FALSE,TRUE,FALSE,FALSE,FALSE,FALSE,FALSE,FALSE,FALSE,TRUE,TRUE,FALSE,FALSE,FALSE,FALSE,FALSE,FALSE,1,0,0,0,0,0,0,0,1,78345000,356000000,12774000,23583
108,346637,幕后玩家,2018/4/28,32,8.4,95.147,358,43.669,27.065,FALSE,FALSE,FALSE,FALSE,TRUE,FALSE,FALSE,FALSE,FALSE,FALSE,FALSE,FALSE,TRUE,FALSE,TRUE,FALSE,TRUE,FALSE,FALSE,1,0,0,0,0,0,0,1,0,95147000,358000000,43669000,27065
296,247295,驯龙高手3,2019/3/1,57,9,218,366,54.951,60.089,TRUE,FALSE,FALSE,FALSE,FALSE,TRUE,FALSE,FALSE,TRUE,FALSE,TRUE,FALSE,FALSE,FALSE,FALSE,FALSE,FALSE,FALSE,FALSE,0,0,1,0,0,0,0,1,1,218000000,366000000,54951000,60089
33,1216446,快把我哥带走,2018/8/17,46,8.9,122,375,49.68,71.446,FALSE,FALSE,FALSE,FALSE,FALSE,FALSE,TRUE,FALSE,FALSE,FALSE,FALSE,FALSE,FALSE,TRUE,FALSE,FALSE,FALSE,TRUE,FALSE,1,0,0,0,0,0,0,0,1,122000000,375000000,49680000,71446
292,1174518,“大”人物,2019/1/10,32,9.1,124,379,14.56,12.476,FALSE,FALSE,FALSE,FALSE,FALSE,FALSE,FALSE,FALSE,TRUE,FALSE,FALSE,FALSE,FALSE,FALSE,TRUE,FALSE,FALSE,FALSE,FALSE,1,0,0,0,0,0,0,0,0,124000000,379000000,14560000,12476
177,577564,神奇动物：格林德沃之罪,2018/11/16,31,7.8,260,398,80.405,69.892,TRUE,FALSE,FALSE,FALSE,FALSE,TRUE,FALSE,FALSE,FALSE,FALSE,FALSE,TRUE,FALSE,TRUE,FALSE,FALSE,FALSE,FALSE,FALSE,0,0,1,0,0,1,0,1,1,260000000,398000000,80405000,69892
319,346629,大侦探皮卡丘,2019/5/10,22,8.5,275,420,74.973,68.45,TRUE,FALSE,FALSE,FALSE,FALSE,TRUE,TRUE,FALSE,FALSE,FALSE,FALSE,FALSE,FALSE,TRUE,FALSE,FALSE,FALSE,FALSE,FALSE,0,0,1,1,0,0,0,0,1,275000000,420000000,74973000,68450
48,1212512,蜘蛛侠：平行宇宙,2018/12/21,47,8.8,179,427,44.026,45.48,TRUE,TRUE,FALSE,FALSE,FALSE,FALSE,FALSE,FALSE,TRUE,FALSE,TRUE,FALSE,FALSE,FALSE,FALSE,FALSE,FALSE,FALSE,FALSE,0,0,1,0,0,0,0,0,1,179000000,427000000,44026000,45480
47,1203575,反贪风暴3,2018/9/14,32,8.8,204,442,73.641,47.076,FALSE,FALSE,FALSE,FALSE,FALSE,FALSE,FALSE,FALSE,TRUE,FALSE,FALSE,FALSE,TRUE,FALSE,TRUE,FALSE,FALSE,FALSE,FALSE,1,1,0,0,0,0,0,1,1,204000000,442000000,73641000,47076
280,1235560,白蛇：缘起,2019/1/11,53,9.3,41.233,448,9.755,21.172,FALSE,FALSE,FALSE,TRUE,FALSE,FALSE,FALSE,FALSE,FALSE,FALSE,TRUE,FALSE,FALSE,TRUE,FALSE,FALSE,FALSE,FALSE,FALSE,1,0,0,0,0,0,0,0,1,41233000,448000000,9755000,21172
277,1206605,绿皮书,2019/3/1,56,9.5,114,477,25.144,34.521,FALSE,FALSE,FALSE,FALSE,FALSE,FALSE,TRUE,FALSE,FALSE,FALSE,FALSE,FALSE,TRUE,FALSE,FALSE,FALSE,FALSE,FALSE,FALSE,0,0,1,0,0,0,0,1,1,114000000,477000000,25144000,34521
1,1217637,厉害了，我的国,2018/3/2,76,9.6,92.989,480,38.271,17.716,FALSE,FALSE,TRUE,FALSE,FALSE,FALSE,FALSE,FALSE,FALSE,FALSE,FALSE,FALSE,FALSE,FALSE,FALSE,FALSE,FALSE,FALSE,FALSE,1,0,0,0,0,0,0,0,1,92989000,480000000,38271000,17716
119,257739,古墓丽影：源起之战,2018/3/16,44,8.3,262,497,76.777,54.535,TRUE,FALSE,FALSE,FALSE,FALSE,TRUE,FALSE,FALSE,TRUE,FALSE,FALSE,FALSE,FALSE,FALSE,FALSE,FALSE,FALSE,FALSE,FALSE,0,0,1,0,0,0,0,1,1,262000000,497000000,76777000,54535
81,1198178,动物世界,2018/6/29,42,8.5,233,509,76.318,63.399,TRUE,FALSE,FALSE,FALSE,TRUE,TRUE,FALSE,FALSE,TRUE,FALSE,FALSE,FALSE,FALSE,FALSE,FALSE,FALSE,FALSE,TRUE,FALSE,1,0,1,0,0,0,0,1,1,233000000,509000000,76318000,63399
231,1175253,爱情公寓,2018/8/10,31,6.8,491,555,303,354.632,FALSE,FALSE,FALSE,TRUE,FALSE,FALSE,TRUE,FALSE,FALSE,FALSE,FALSE,FALSE,FALSE,FALSE,FALSE,FALSE,FALSE,TRUE,FALSE,1,0,0,0,0,0,0,0,1,491000000,555000000,303000000,354632
209,248566,邪不压正,2018/7/13,32,7.4,315,583,122,82.29,TRUE,FALSE,FALSE,FALSE,FALSE,FALSE,TRUE,FALSE,TRUE,FALSE,FALSE,FALSE,TRUE,FALSE,FALSE,FALSE,FALSE,TRUE,FALSE,1,0,0,0,0,0,1,1,1,315000000,583000000,122000000,82290
172,1217402,李茶的姑妈,2018/9/30,47,7.9,106,604,106,36.242,TRUE,FALSE,FALSE,FALSE,FALSE,FALSE,TRUE,FALSE,FALSE,FALSE,FALSE,FALSE,FALSE,FALSE,FALSE,FALSE,FALSE,FALSE,TRUE,1,0,0,0,0,0,0,1,1,106000000,604000000,106000000,36242
16,1211482,熊出没·变形记,2018/2/16,68,9.1,208,605,76.128,37.753,FALSE,FALSE,FALSE,FALSE,FALSE,TRUE,TRUE,FALSE,FALSE,FALSE,TRUE,FALSE,FALSE,FALSE,FALSE,TRUE,FALSE,FALSE,FALSE,1,0,0,0,0,0,0,0,1,208000000,605000000,76128000,37753
143,341516,狄仁杰之四大天王,2018/7/27,32,8.1,296,606,110,57.719,TRUE,FALSE,FALSE,FALSE,TRUE,FALSE,FALSE,FALSE,TRUE,FALSE,FALSE,FALSE,FALSE,TRUE,FALSE,FALSE,FALSE,TRUE,FALSE,1,0,0,0,0,0,1,1,0,296000000,606000000,110000000,57719
335,580298,新喜剧之王,2019/2/5,45,8,534,624,272,86.35,FALSE,FALSE,FALSE,FALSE,FALSE,FALSE,TRUE,FALSE,FALSE,FALSE,FALSE,FALSE,TRUE,FALSE,FALSE,TRUE,FALSE,FALSE,FALSE,1,1,0,0,0,0,1,1,0,534000000,624000000,272000000,86350
145,1203437,影,2018/9/30,47,8.1,66.231,628,66.156,33.209,TRUE,FALSE,FALSE,FALSE,FALSE,FALSE,FALSE,FALSE,TRUE,FALSE,FALSE,FALSE,TRUE,FALSE,FALSE,FALSE,FALSE,FALSE,TRUE,1,0,0,0,0,0,1,1,0,66231000,628000000,66156000,33209
144,78460,环太平洋：雷霆再起,2018/3/23,33,8.1,411,633,136,79.094,TRUE,TRUE,FALSE,FALSE,FALSE,TRUE,FALSE,FALSE,TRUE,FALSE,FALSE,FALSE,FALSE,FALSE,FALSE,FALSE,FALSE,FALSE,FALSE,0,0,1,0,0,0,0,0,1,411000000,633000000,136000000,79094
71,1240159,来电狂响,2018/12/28,39,8.6,169,640,17.92,36.544,FALSE,FALSE,FALSE,FALSE,FALSE,FALSE,TRUE,FALSE,FALSE,FALSE,FALSE,FALSE,TRUE,FALSE,FALSE,FALSE,FALSE,FALSE,FALSE,1,0,0,0,0,0,0,0,1,169000000,640000000,17920000,36544
103,341138,黑豹,2018/3/9,32,8.4,422,662,131,74.504,TRUE,TRUE,FALSE,FALSE,FALSE,FALSE,FALSE,FALSE,TRUE,FALSE,FALSE,FALSE,TRUE,FALSE,FALSE,FALSE,FALSE,FALSE,FALSE,0,0,1,0,0,1,0,1,1,422000000,662000000,131000000,74504
15,1203528,摩天营救,2018/7/20,36,9.1,329,669,90.672,60.664,TRUE,FALSE,FALSE,FALSE,FALSE,TRUE,FALSE,FALSE,TRUE,TRUE,FALSE,FALSE,FALSE,FALSE,FALSE,FALSE,FALSE,TRUE,FALSE,0,0,1,0,0,0,0,1,0,329000000,669000000,90672000,60664
289,1243239,熊出没·原始时代,2019/2/5,68,9.1,423,714,73.66,38.136,FALSE,FALSE,FALSE,FALSE,FALSE,TRUE,TRUE,FALSE,FALSE,FALSE,TRUE,FALSE,FALSE,FALSE,FALSE,TRUE,FALSE,FALSE,FALSE,1,0,0,0,0,0,0,0,1,423000000,714000000,73660000,38136
171,338463,西游记女儿国,2018/2/16,33,7.9,331,727,164,53.26,FALSE,FALSE,FALSE,TRUE,FALSE,FALSE,TRUE,FALSE,TRUE,FALSE,FALSE,FALSE,FALSE,FALSE,FALSE,TRUE,FALSE,FALSE,FALSE,1,1,0,0,0,0,0,1,1,331000000,727000000,164000000,53260
288,1211727,反贪风暴4,2019/4/4,54,9.1,352,792,78.543,56.419,FALSE,FALSE,FALSE,FALSE,FALSE,FALSE,FALSE,FALSE,TRUE,FALSE,FALSE,FALSE,TRUE,FALSE,TRUE,FALSE,FALSE,FALSE,FALSE,1,1,0,0,0,0,0,1,1,352000000,792000000,78543000,56419
29,1208282,无名之辈,2018/11/16,59,9,67.066,794,9.195,9.832,FALSE,FALSE,FALSE,FALSE,FALSE,FALSE,TRUE,FALSE,FALSE,FALSE,FALSE,FALSE,TRUE,FALSE,TRUE,FALSE,FALSE,FALSE,FALSE,1,0,0,0,0,0,0,0,0,67066000,794000000,9195000,9832
46,343208,蚁人2：黄蜂女现身,2018/8/24,33,8.8,464,831,154,88.494,TRUE,TRUE,FALSE,FALSE,FALSE,TRUE,FALSE,FALSE,TRUE,FALSE,FALSE,FALSE,FALSE,FALSE,FALSE,FALSE,FALSE,TRUE,FALSE,0,0,1,0,0,0,0,0,1,464000000,831000000,154000000,88494
297,410629,阿丽塔：战斗天使,2019/2/22,60,9,435,895,125,72.397,TRUE,TRUE,FALSE,FALSE,FALSE,TRUE,FALSE,FALSE,TRUE,FALSE,FALSE,FALSE,FALSE,FALSE,FALSE,FALSE,FALSE,FALSE,FALSE,0,0,1,0,0,0,0,0,1,435000000,895000000,125000000,72397
60,1208942,超时空同居,2018/5/18,62,8.7,235,899,50.12,69.866,FALSE,FALSE,FALSE,TRUE,FALSE,FALSE,TRUE,FALSE,FALSE,FALSE,FALSE,FALSE,FALSE,TRUE,FALSE,FALSE,FALSE,FALSE,FALSE,1,0,0,0,0,0,0,1,0,235000000,899000000,50120000,69866
336,1216383,比悲伤更悲伤的故事,2019/3/14,60,8,331,953,19.131,60.839,FALSE,FALSE,FALSE,TRUE,FALSE,FALSE,FALSE,FALSE,FALSE,FALSE,FALSE,FALSE,TRUE,FALSE,FALSE,FALSE,FALSE,FALSE,FALSE,1,1,0,0,0,0,0,1,0,331000000,953000000,19131000,60839
337,1197466,三重威胁之跨国大营救,2019/3/14,14,8,331,953,19.131,1.527,FALSE,FALSE,FALSE,TRUE,FALSE,FALSE,FALSE,FALSE,FALSE,FALSE,FALSE,FALSE,TRUE,FALSE,FALSE,FALSE,FALSE,FALSE,FALSE,0,0,1,0,0,0,0,0,0,331000000,953000000,19131000,1527
34,341624,狂暴巨兽,2018/4/13,62,8.9,350,1003,94.592,59.91,TRUE,TRUE,FALSE,FALSE,FALSE,TRUE,FALSE,FALSE,TRUE,FALSE,FALSE,FALSE,FALSE,FALSE,FALSE,FALSE,FALSE,FALSE,FALSE,0,0,1,0,0,0,0,1,1,350000000,1003000000,94592000,59910
309,341139,惊奇队长,2019/3/8,33,8.7,597,1033,214,94.727,TRUE,TRUE,FALSE,FALSE,FALSE,TRUE,FALSE,FALSE,TRUE,FALSE,FALSE,FALSE,FALSE,FALSE,FALSE,FALSE,FALSE,FALSE,FALSE,0,0,1,0,0,0,0,0,1,597000000,1033000000,214000000,94727
58,346178,巨齿鲨,2018/8/10,60,8.7,347,1051,106,88.639,TRUE,TRUE,FALSE,FALSE,FALSE,TRUE,FALSE,FALSE,TRUE,FALSE,FALSE,FALSE,FALSE,FALSE,FALSE,FALSE,FALSE,TRUE,FALSE,1,1,1,0,0,0,0,1,1,347000000,1051000000,106000000,88639
287,1206875,大黄蜂,2019/1/4,52,9.1,404,1147,110,57.988,TRUE,TRUE,FALSE,FALSE,FALSE,TRUE,FALSE,FALSE,TRUE,FALSE,FALSE,FALSE,FALSE,FALSE,FALSE,FALSE,FALSE,FALSE,FALSE,0,0,1,0,0,0,0,1,1,404000000,1147000000,110000000,57988
22,341737,碟中谍6：全面瓦解,2018/8/31,32,9,530,1245,168,63.378,TRUE,FALSE,FALSE,FALSE,FALSE,TRUE,FALSE,FALSE,TRUE,TRUE,FALSE,FALSE,FALSE,FALSE,FALSE,FALSE,FALSE,TRUE,FALSE,0,0,1,0,0,0,0,1,1,530000000,1245000000,168000000,63378
35,342166,无双,2018/9/30,61,8.9,54.823,1273,54.819,18.477,TRUE,FALSE,FALSE,FALSE,FALSE,FALSE,FALSE,FALSE,TRUE,TRUE,FALSE,FALSE,FALSE,FALSE,TRUE,FALSE,FALSE,FALSE,TRUE,1,1,0,0,0,0,0,1,0,54823000,1273000000,54819000,18477
131,1203084,一出好戏,2018/8/10,51,8.2,534,1355,151,140.598,FALSE,FALSE,FALSE,FALSE,FALSE,FALSE,TRUE,FALSE,FALSE,FALSE,FALSE,FALSE,TRUE,FALSE,FALSE,FALSE,FALSE,TRUE,FALSE,1,0,0,0,0,0,1,1,0,534000000,1355000000,151000000,140598
118,343720,后来的我们,2018/4/28,63,8.3,562,1361,285,305.237,FALSE,FALSE,FALSE,TRUE,FALSE,FALSE,FALSE,FALSE,FALSE,FALSE,FALSE,FALSE,TRUE,FALSE,FALSE,FALSE,TRUE,FALSE,FALSE,1,1,0,0,0,0,0,1,0,562000000,1361000000,285000000,305237
24,341178,头号玩家,2018/3/30,62,9,390,1396,85.69,54.238,TRUE,TRUE,FALSE,FALSE,FALSE,TRUE,FALSE,FALSE,TRUE,FALSE,FALSE,FALSE,FALSE,FALSE,FALSE,FALSE,FALSE,FALSE,FALSE,0,0,1,0,0,0,1,0,1,390000000,1396000000,85690000,54238
68,341628,侏罗纪世界2,2018/6/15,60,8.6,734,1695,202,116.641,TRUE,TRUE,FALSE,FALSE,FALSE,TRUE,FALSE,FALSE,TRUE,FALSE,FALSE,FALSE,FALSE,FALSE,FALSE,FALSE,FALSE,FALSE,FALSE,0,0,1,0,0,0,0,0,1,734000000,1695000000,202000000,116641
306,1218091,飞驰人生,2019/2/5,58,8.8,1048,1716,319,73.719,TRUE,FALSE,FALSE,FALSE,FALSE,FALSE,TRUE,FALSE,TRUE,FALSE,FALSE,FALSE,FALSE,FALSE,FALSE,TRUE,FALSE,FALSE,FALSE,1,0,0,0,0,0,1,1,0,1048000000,1716000000,319000000,73719
7,42964,毒液：致命守护者,2018/11/9,64,9.2,766,1870,223,104.28,TRUE,TRUE,FALSE,FALSE,FALSE,FALSE,FALSE,FALSE,TRUE,TRUE,FALSE,FALSE,FALSE,FALSE,FALSE,FALSE,FALSE,FALSE,FALSE,0,0,1,0,0,0,0,0,1,766000000,1870000000,223000000,104280
3,249342,海王,2018/12/7,61,9.4,652,2012,156,69.232,TRUE,FALSE,FALSE,FALSE,FALSE,TRUE,FALSE,FALSE,TRUE,FALSE,FALSE,FALSE,FALSE,TRUE,FALSE,FALSE,FALSE,FALSE,FALSE,0,0,1,0,0,0,0,1,1,652000000,2012000000,156000000,69232
318,344869,疯狂的外星人,2019/2/5,31,8.5,1455,2201,408,83.191,TRUE,TRUE,FALSE,FALSE,FALSE,FALSE,TRUE,FALSE,FALSE,FALSE,FALSE,FALSE,TRUE,FALSE,FALSE,TRUE,FALSE,FALSE,FALSE,1,0,1,0,0,0,1,1,1,1455000000,2201000000,408000000,83191
142,346272,捉妖记2,2018/2/16,56,8.1,1204,2237,546,126.088,TRUE,FALSE,FALSE,FALSE,FALSE,FALSE,TRUE,FALSE,FALSE,FALSE,FALSE,FALSE,FALSE,TRUE,FALSE,TRUE,FALSE,FALSE,FALSE,1,1,0,0,0,0,0,1,1,1204000000,2237000000,546000000,126088
20,248170,复仇者联盟3：无限战争,2018/5/11,61,9,1272,2390,387,241.462,TRUE,TRUE,FALSE,FALSE,FALSE,TRUE,FALSE,FALSE,TRUE,FALSE,FALSE,FALSE,FALSE,FALSE,FALSE,FALSE,FALSE,FALSE,FALSE,0,0,1,0,0,0,0,1,1,1272000000,2390000000,387000000,241462
8,1212592,西虹市首富,2018/7/27,88,9.2,903,2547,227,146.086,TRUE,FALSE,FALSE,FALSE,FALSE,FALSE,TRUE,FALSE,FALSE,FALSE,FALSE,FALSE,FALSE,FALSE,FALSE,FALSE,FALSE,TRUE,FALSE,1,0,0,0,0,0,0,1,0,903000000,2547000000,227000000,146086
0,1200486,我不是药神,2018/7/5,86,9.6,1238,3100,159,131.164,TRUE,FALSE,FALSE,FALSE,FALSE,FALSE,TRUE,FALSE,FALSE,FALSE,FALSE,FALSE,TRUE,FALSE,FALSE,FALSE,FALSE,TRUE,FALSE,1,0,0,0,0,0,0,1,0,1238000000,3100000000,159000000,131164
21,344990,唐人街探案2,2018/2/16,61,9,990,3397,340,72.782,TRUE,FALSE,FALSE,FALSE,TRUE,FALSE,TRUE,FALSE,TRUE,FALSE,FALSE,FALSE,FALSE,FALSE,FALSE,TRUE,FALSE,FALSE,FALSE,1,0,0,0,0,0,0,1,1,990000000,3397000000,340000000,72782
4,1182552,红海行动,2018/2/16,77,9.4,465,3650,129,40.627,TRUE,FALSE,FALSE,FALSE,FALSE,FALSE,FALSE,FALSE,TRUE,FALSE,FALSE,FALSE,TRUE,FALSE,FALSE,TRUE,FALSE,FALSE,FALSE,1,1,0,0,0,0,1,1,0,465000000,3650000000,129000000,40627
286,248172,复仇者联盟4：终局之战,2019/4/24,32,9.1,2224,4178,534,242.258,TRUE,FALSE,FALSE,FALSE,FALSE,TRUE,FALSE,FALSE,TRUE,FALSE,FALSE,FALSE,FALSE,TRUE,FALSE,FALSE,TRUE,FALSE,FALSE,0,0,1,0,0,0,0,1,1,2224000000,4178000000,534000000,242258
283,248906,流浪地球,2019/2/5,91,9.2,2020,4654,188,69.354,TRUE,TRUE,FALSE,FALSE,FALSE,TRUE,FALSE,FALSE,FALSE,FALSE,FALSE,FALSE,TRUE,FALSE,FALSE,TRUE,FALSE,FALSE,FALSE,1,0,0,0,0,0,1,1,1,2020000000,4654000000,188000000,69354
