,maoyanID,name,release_date,region,rating,box,box_day,box_week,week_want,special_date,IMAX,gen_爱情,gen_动画,gen_科幻,gen_惊悚,gen_犯罪,gen_悬疑,gen_家庭,gen_纪录片,gen_喜剧,gen_动作,gen_奇幻,gen_冒险,gen_剧情,gen_恐怖,region_中国大陆,region_中国港澳台,region_美国,region_日本,region_印度,region_其他,director_famous,actor_famous,IP_rewrite
0,1200486,我不是药神,2018/7/5,"中国大陆
",9.6,3100000000,159000000,1238000000,131164,1,TRUE,FALSE,FALSE,FALSE,FALSE,TRUE,FALSE,FALSE,FALSE,FALSE,TRUE,FALSE,FALSE,FALSE,FALSE,1,0,0,0,0,0,0,1,0
1,1217637,厉害了，我的国,2018/3/2,"中国大陆
",9.6,480000000,38271000,92989000,17716,0,FALSE,TRUE,FALSE,FALSE,FALSE,FALSE,FALSE,FALSE,FALSE,TRUE,FALSE,FALSE,FALSE,FALSE,FALSE,1,0,0,0,0,0,0,0,1
2,343136,小萝莉的猴神大叔,2018/3/2,"印度
",9.5,285000000,14152000,54091000,12104,0,FALSE,FALSE,FALSE,FALSE,FALSE,TRUE,TRUE,FALSE,FALSE,FALSE,FALSE,FALSE,FALSE,TRUE,FALSE,0,0,0,0,1,0,0,0,0
4,249342,海王,2018/12/7,"美国
",9.4,2012000000,156000000,652000000,69232,0,TRUE,FALSE,FALSE,FALSE,FALSE,FALSE,FALSE,TRUE,FALSE,FALSE,TRUE,FALSE,TRUE,FALSE,FALSE,0,0,1,0,0,0,0,1,1
5,1182552,红海行动,2018/2/16,"中国大陆,中国香港
",9.4,3650000000,129000000,465000000,40627,1,TRUE,FALSE,TRUE,FALSE,FALSE,FALSE,FALSE,FALSE,FALSE,FALSE,FALSE,FALSE,TRUE,FALSE,FALSE,1,1,0,0,0,0,1,1,0
6,493549,大寒,2018/8/14,"中国大陆
",9.4,6696000,73000,158000,5616,1,FALSE,TRUE,FALSE,FALSE,FALSE,TRUE,FALSE,FALSE,FALSE,FALSE,FALSE,FALSE,FALSE,TRUE,FALSE,1,0,0,0,0,0,0,0,1
8,1229020,嗝嗝老师,2018/10/12,"印度
",9.3,149000000,5056000,29223000,5290,0,FALSE,FALSE,FALSE,FALSE,FALSE,FALSE,FALSE,FALSE,FALSE,FALSE,FALSE,FALSE,FALSE,TRUE,FALSE,0,0,0,0,1,0,0,0,0
9,42964,毒液：致命守护者,2018/11/9,"美国
",9.2,1870000000,223000000,766000000,104280,0,TRUE,FALSE,TRUE,FALSE,FALSE,FALSE,FALSE,FALSE,FALSE,TRUE,FALSE,FALSE,TRUE,FALSE,FALSE,0,0,1,0,0,0,0,0,1
10,1212592,西虹市首富,2018/7/27,"中国大陆
",9.2,2547000000,227000000,903000000,146086,1,TRUE,FALSE,FALSE,TRUE,FALSE,FALSE,FALSE,FALSE,FALSE,FALSE,TRUE,FALSE,TRUE,FALSE,FALSE,1,0,0,0,0,0,0,1,0
12,345870,传奇的诞生,2018/9/7,"美国
",9.2,28276000,4658000,17308000,8683,0,FALSE,TRUE,FALSE,FALSE,FALSE,FALSE,FALSE,FALSE,FALSE,FALSE,TRUE,TRUE,FALSE,FALSE,FALSE,0,0,1,0,0,0,0,0,0
13,439495,苏丹,2018/8/31,"印度
",9.2,36144000,6257000,20480000,13104,1,FALSE,FALSE,FALSE,FALSE,FALSE,FALSE,FALSE,TRUE,TRUE,FALSE,FALSE,FALSE,FALSE,FALSE,FALSE,0,0,0,0,1,0,0,0,0
14,1215919,印度合伙人,2018/12/14,"印度
",9.2,67553000,10197000,35935000,10102,0,FALSE,TRUE,FALSE,FALSE,FALSE,FALSE,FALSE,FALSE,FALSE,TRUE,FALSE,FALSE,FALSE,FALSE,FALSE,0,0,0,0,1,0,0,0,0
15,1205514,雪怪大冒险,2018/10/19,"美国
",9.2,75084000,2273000,27135000,3389,0,FALSE,TRUE,FALSE,FALSE,FALSE,FALSE,FALSE,FALSE,FALSE,TRUE,FALSE,FALSE,FALSE,TRUE,FALSE,0,0,1,0,0,0,0,0,0
16,123,龙猫,2018/12/14,"日本
",9.1,173000000,18784000,89631000,63291,0,FALSE,FALSE,FALSE,FALSE,FALSE,FALSE,FALSE,FALSE,FALSE,FALSE,TRUE,TRUE,FALSE,TRUE,FALSE,0,0,0,1,0,0,1,0,0
17,569712,黑子的篮球·终极一战,2018/8/24,"日本
",9.1,6790000,1999000,4513000,24750,1,FALSE,TRUE,FALSE,FALSE,FALSE,FALSE,FALSE,TRUE,FALSE,TRUE,FALSE,FALSE,FALSE,FALSE,FALSE,0,0,0,1,0,0,0,1,1
18,1203528,摩天营救,2018/7/20,"美国
",9.1,669000000,90672000,329000000,60664,1,TRUE,FALSE,FALSE,FALSE,FALSE,FALSE,FALSE,FALSE,FALSE,TRUE,FALSE,FALSE,FALSE,TRUE,FALSE,0,0,1,0,0,0,0,1,0
19,1211482,熊出没·变形记,2018/2/16,"中国大陆
",9.1,605000000,76128000,208000000,37753,1,FALSE,TRUE,TRUE,FALSE,FALSE,FALSE,FALSE,FALSE,FALSE,FALSE,FALSE,TRUE,FALSE,FALSE,FALSE,1,0,0,0,0,0,0,0,1
20,1196151,李宗伟：败者为王,2018/9/7,"马来西亚
",9.1,6622000,1967000,5095000,6541,0,FALSE,FALSE,FALSE,FALSE,FALSE,FALSE,FALSE,FALSE,FALSE,FALSE,FALSE,FALSE,FALSE,TRUE,FALSE,0,0,0,0,0,1,0,0,1
21,1196131,神探狗笨吉,2018/12/28,"美国
",9.1,3951000,823000,1902000,4140,0,FALSE,FALSE,FALSE,FALSE,TRUE,TRUE,TRUE,FALSE,FALSE,FALSE,FALSE,FALSE,FALSE,FALSE,FALSE,0,0,1,0,0,0,0,0,1
23,454617,追鹰日记,2018/10/26,奥地利 ,9.1,1751000,397000,1123000,1274,0,FALSE,TRUE,FALSE,FALSE,FALSE,FALSE,FALSE,TRUE,FALSE,FALSE,FALSE,FALSE,FALSE,TRUE,FALSE,0,0,0,0,0,1,0,1,0
25,248170,复仇者联盟3：无限战争,2018/5/11,"美国
",9,2390000000,387000000,1272000000,241462,0,TRUE,FALSE,FALSE,FALSE,FALSE,FALSE,FALSE,FALSE,FALSE,FALSE,FALSE,FALSE,FALSE,TRUE,FALSE,0,0,1,0,0,0,0,1,1
26,344990,唐人街探案2,2018/2/16,"中国大陆
",9,3397000000,340000000,990000000,72782,1,TRUE,TRUE,FALSE,FALSE,FALSE,FALSE,FALSE,FALSE,FALSE,FALSE,FALSE,FALSE,FALSE,TRUE,FALSE,1,0,0,0,0,0,0,1,1
27,341737,碟中谍6：全面瓦解,2018/8/31,"美国
",9,1245000000,168000000,530000000,63378,1,TRUE,FALSE,TRUE,FALSE,FALSE,FALSE,FALSE,FALSE,FALSE,TRUE,FALSE,FALSE,TRUE,FALSE,FALSE,0,0,1,0,0,0,0,1,1
28,1217513,风语咒,2018/8/3,"中国大陆
",9,112000000,19434000,61921000,34955,1,FALSE,TRUE,FALSE,FALSE,FALSE,FALSE,FALSE,FALSE,FALSE,TRUE,FALSE,FALSE,FALSE,TRUE,FALSE,1,0,0,0,0,0,0,0,1
29,341178,头号玩家,2018/3/30,"美国
",9,1396000000,85690000,390000000,54238,0,TRUE,TRUE,FALSE,FALSE,FALSE,FALSE,FALSE,FALSE,FALSE,FALSE,FALSE,FALSE,TRUE,TRUE,FALSE,0,0,1,0,0,0,1,0,1
30,1217236,悲伤逆流成河,2018/9/21,"中国大陆
",9,356000000,12774000,78345000,23583,0,FALSE,FALSE,FALSE,FALSE,TRUE,FALSE,TRUE,FALSE,FALSE,FALSE,FALSE,FALSE,FALSE,FALSE,FALSE,1,0,0,0,0,0,0,0,1
31,1229214,爸，我一定行的,2018/8/24,"中国大陆
",9,47066000,4314000,18820000,23967,1,FALSE,FALSE,FALSE,FALSE,FALSE,FALSE,FALSE,FALSE,FALSE,FALSE,TRUE,FALSE,FALSE,TRUE,FALSE,1,0,0,0,0,0,0,0,0
32,1200265,叶问外传：张天志,2018/12/21,"中国大陆,中国香港
",9,131000000,10002000,42041000,15421,0,TRUE,FALSE,TRUE,FALSE,FALSE,FALSE,FALSE,FALSE,FALSE,TRUE,FALSE,FALSE,TRUE,FALSE,FALSE,1,1,0,0,0,0,0,0,1
33,881837,起跑线,2018/4/4,"印度
",9,210000000,21273000,134000000,18667,0,FALSE,FALSE,FALSE,FALSE,FALSE,FALSE,FALSE,FALSE,FALSE,FALSE,FALSE,FALSE,FALSE,TRUE,FALSE,0,0,0,0,1,0,0,0,0
34,1208282,无名之辈,2018/11/16,"中国大陆
",9,794000000,9195000,67066000,9832,0,FALSE,FALSE,FALSE,FALSE,FALSE,FALSE,FALSE,FALSE,TRUE,FALSE,FALSE,FALSE,FALSE,FALSE,FALSE,1,0,0,0,0,0,0,0,0
35,1141500,最后的棒棒,2018/8/17,中国大陆,9,1009000,161000,461000,7637,1,FALSE,TRUE,FALSE,FALSE,FALSE,FALSE,FALSE,FALSE,FALSE,FALSE,FALSE,FALSE,FALSE,TRUE,FALSE,1,0,0,0,0,0,0,0,0
36,667783,爱在记忆消逝前,2018/2/23,"意大利,法国
",9,6557000,1132000,2974000,7553,0,FALSE,FALSE,FALSE,FALSE,FALSE,FALSE,FALSE,FALSE,FALSE,TRUE,FALSE,FALSE,FALSE,TRUE,FALSE,0,0,0,0,0,1,0,0,1
37,1212979,小狗奶瓶,2018/2/2,"中国大陆
",9,1651000,298000,684000,1631,0,FALSE,FALSE,FALSE,TRUE,FALSE,FALSE,FALSE,FALSE,FALSE,FALSE,FALSE,FALSE,FALSE,FALSE,FALSE,1,0,0,0,0,0,0,0,0
38,1216446,快把我哥带走,2018/8/17,"中国大陆
",8.9,375000000,49680000,122000000,71446,1,FALSE,FALSE,TRUE,FALSE,FALSE,FALSE,FALSE,FALSE,FALSE,FALSE,TRUE,FALSE,TRUE,FALSE,FALSE,1,0,0,0,0,0,0,0,1
39,341624,狂暴巨兽,2018/4/13,"美国
",8.9,1003000000,94592000,350000000,59910,0,TRUE,FALSE,TRUE,FALSE,FALSE,FALSE,FALSE,TRUE,FALSE,FALSE,FALSE,FALSE,TRUE,FALSE,FALSE,0,0,1,0,0,0,0,1,1
40,342166,无双,2018/9/30,"中国大陆,中国香港
",8.9,1273000000,54819000,54823000,18477,0,TRUE,TRUE,FALSE,FALSE,FALSE,FALSE,FALSE,FALSE,FALSE,TRUE,FALSE,TRUE,FALSE,FALSE,FALSE,1,1,0,0,0,0,0,1,0
41,343762,比得兔,2018/3/2,"美国
",8.9,168000000,20015000,80148000,27332,0,FALSE,FALSE,TRUE,FALSE,FALSE,FALSE,FALSE,FALSE,FALSE,FALSE,FALSE,TRUE,FALSE,FALSE,FALSE,0,0,1,0,0,0,0,0,1
42,338385,超人总动员2,2018/6/22,"美国
",8.9,354000000,30401000,137000000,33931,0,TRUE,FALSE,TRUE,TRUE,FALSE,FALSE,FALSE,FALSE,FALSE,TRUE,FALSE,FALSE,FALSE,FALSE,FALSE,0,0,1,0,0,0,0,0,1
43,1209159,找到你,2018/10/5,"中国大陆
",8.9,285000000,19190000,51953000,19898,1,FALSE,FALSE,TRUE,FALSE,FALSE,FALSE,FALSE,FALSE,FALSE,TRUE,FALSE,FALSE,TRUE,FALSE,FALSE,1,0,0,0,0,0,0,1,0
44,338493,南极之恋,2018/2/1,"中国大陆
",8.9,234000000,9254000,80469000,11364,0,FALSE,FALSE,FALSE,FALSE,FALSE,FALSE,FALSE,FALSE,FALSE,FALSE,FALSE,FALSE,FALSE,TRUE,FALSE,1,0,0,0,0,0,0,0,0
45,334598,玛雅蜜蜂历险记,2018/10/12,"德国
",8.9,6903000,495000,5886000,1297,0,FALSE,FALSE,TRUE,FALSE,FALSE,FALSE,FALSE,FALSE,FALSE,TRUE,FALSE,FALSE,TRUE,FALSE,FALSE,0,0,0,0,0,1,0,0,0
46,1219270,最后一球,2018/6/29,"俄罗斯
",8.9,6092000,1993000,3950000,10001,0,FALSE,FALSE,FALSE,FALSE,FALSE,FALSE,FALSE,FALSE,FALSE,TRUE,FALSE,FALSE,FALSE,TRUE,FALSE,0,0,0,0,0,1,0,0,0
47,246714,马戏之王,2018/2/1,"美国
",8.9,101000000,13601000,48025000,10220,0,TRUE,FALSE,FALSE,FALSE,FALSE,FALSE,FALSE,FALSE,FALSE,FALSE,FALSE,FALSE,FALSE,TRUE,FALSE,0,0,1,0,0,0,0,1,0
48,1234403,恐龙王,2018/11/10,"中国大陆
",8.9,28605000,4807000,9856000,5347,0,FALSE,FALSE,TRUE,FALSE,FALSE,FALSE,FALSE,TRUE,FALSE,FALSE,FALSE,FALSE,FALSE,FALSE,FALSE,1,0,0,0,0,0,0,0,0
49,1235235,张艺谋和他的“影”,2018/10/12,"中国大陆
",8.9,821000,166000,340000,1322,0,FALSE,FALSE,FALSE,TRUE,FALSE,FALSE,FALSE,FALSE,FALSE,FALSE,TRUE,FALSE,TRUE,FALSE,FALSE,1,0,0,0,0,0,0,1,0
50,1238696,生活万岁,2018/11/27,"中国大陆
",8.9,4879000,446000,2892000,2484,0,FALSE,FALSE,TRUE,FALSE,FALSE,FALSE,FALSE,TRUE,FALSE,TRUE,FALSE,FALSE,FALSE,FALSE,FALSE,1,0,0,0,0,0,0,0,0
51,343208,蚁人2：黄蜂女现身,2018/8/24,"美国
",8.8,831000000,154000000,464000000,88494,1,TRUE,FALSE,FALSE,FALSE,FALSE,FALSE,FALSE,FALSE,TRUE,FALSE,FALSE,FALSE,FALSE,FALSE,FALSE,0,0,1,0,0,0,0,0,1
52,1203575,反贪风暴3,2018/9/14,"中国大陆,中国香港
",8.8,442000000,73641000,204000000,47076,0,FALSE,FALSE,FALSE,FALSE,FALSE,FALSE,FALSE,FALSE,FALSE,TRUE,TRUE,FALSE,FALSE,FALSE,FALSE,1,1,0,0,0,0,0,1,1
53,1212512,蜘蛛侠：平行宇宙,2018/12/21,"美国
",8.8,427000000,44026000,179000000,45480,0,TRUE,FALSE,FALSE,FALSE,FALSE,FALSE,FALSE,FALSE,FALSE,FALSE,FALSE,FALSE,FALSE,TRUE,FALSE,0,0,1,0,0,0,0,0,1
54,341213,无敌破坏王2：大闹互联网,2018/11/23,"美国
",8.8,271000000,28623000,135000000,38578,0,TRUE,FALSE,FALSE,FALSE,FALSE,FALSE,TRUE,FALSE,FALSE,TRUE,TRUE,FALSE,FALSE,FALSE,FALSE,0,0,1,0,0,0,0,1,1
55,1204720,妈妈咪鸭,2018/3/9,"中国大陆,美国
",8.8,37234000,4079000,21312000,9351,0,FALSE,FALSE,FALSE,FALSE,FALSE,FALSE,FALSE,FALSE,FALSE,TRUE,FALSE,TRUE,TRUE,FALSE,FALSE,1,0,1,0,0,0,0,0,0
56,342791,巴霍巴利王2：终结,2018/5/4,"印度
",8.8,76838000,15606000,49149000,26452,0,TRUE,FALSE,FALSE,FALSE,FALSE,TRUE,TRUE,FALSE,FALSE,FALSE,FALSE,FALSE,FALSE,TRUE,FALSE,0,0,0,0,1,0,0,0,0
57,11237,阿飞正传,2018/6/25,"中国香港
",8.8,19739000,3185000,14187000,17120,0,FALSE,FALSE,FALSE,FALSE,FALSE,FALSE,FALSE,FALSE,FALSE,TRUE,FALSE,FALSE,FALSE,TRUE,FALSE,0,1,0,0,0,0,1,1,0
58,1225340,您一定不要错过,2018/7/6,"中国大陆
",8.8,5277000,596000,2218000,14100,1,FALSE,FALSE,FALSE,FALSE,FALSE,FALSE,FALSE,FALSE,FALSE,FALSE,FALSE,FALSE,FALSE,TRUE,FALSE,1,0,0,0,0,0,0,0,0
59,1206089,妈妈咪呀2,2018/8/3,"美国
",8.8,4147000,624000,2220000,4180,1,TRUE,TRUE,FALSE,FALSE,FALSE,FALSE,TRUE,FALSE,FALSE,FALSE,FALSE,FALSE,FALSE,TRUE,FALSE,0,0,1,0,0,0,0,0,1
60,343667,流浪猫鲍勃,2018/11/2,"英国
",8.8,52978000,4749000,28877000,7082,0,FALSE,FALSE,FALSE,FALSE,FALSE,FALSE,FALSE,FALSE,FALSE,TRUE,TRUE,FALSE,FALSE,FALSE,FALSE,0,0,0,0,0,1,0,0,0
61,1218052,大三儿,2018/8/20,"中国大陆
",8.8,1301000,169000,815000,2493,1,FALSE,FALSE,FALSE,FALSE,FALSE,TRUE,FALSE,FALSE,FALSE,FALSE,TRUE,FALSE,FALSE,FALSE,FALSE,1,0,0,0,0,0,0,0,0
63,1238706,你美丽了我的人生,2018/11/2,"中国大陆
",8.8,3627000,1757000,2699000,1780,0,FALSE,FALSE,FALSE,FALSE,FALSE,FALSE,FALSE,FALSE,FALSE,TRUE,FALSE,TRUE,TRUE,FALSE,FALSE,1,0,0,0,0,0,0,0,0
64,346178,巨齿鲨,2018/8/10,"美国,中国香港,中国大陆
",8.7,1051000000,106000000,347000000,88639,1,TRUE,FALSE,FALSE,FALSE,FALSE,FALSE,TRUE,FALSE,FALSE,FALSE,TRUE,TRUE,FALSE,FALSE,FALSE,1,1,1,0,0,0,0,1,1
65,343070,精灵旅社3：疯狂假期,2018/8/17,"美国
",8.7,223000000,51526000,116000000,61537,1,FALSE,FALSE,FALSE,FALSE,FALSE,FALSE,FALSE,FALSE,TRUE,FALSE,FALSE,FALSE,FALSE,FALSE,FALSE,0,0,1,0,0,0,0,0,1
66,1208942,超时空同居,2018/5/18,"中国大陆
",8.7,899000000,50120000,235000000,69866,0,FALSE,FALSE,TRUE,FALSE,FALSE,FALSE,FALSE,FALSE,FALSE,TRUE,FALSE,FALSE,TRUE,FALSE,FALSE,1,0,0,0,0,0,0,1,0
67,246127,死侍,2018/4/15,"美国
",8.7,899000000,50120000,235000000,26,0,TRUE,FALSE,FALSE,FALSE,FALSE,FALSE,TRUE,FALSE,FALSE,FALSE,FALSE,FALSE,FALSE,FALSE,FALSE,0,0,1,0,0,0,0,1,1
68,1220736,神秘世界历险记4,2018/8/3,"中国大陆
",8.7,104000000,10664000,43623000,16057,1,FALSE,FALSE,FALSE,FALSE,FALSE,TRUE,TRUE,FALSE,FALSE,TRUE,FALSE,FALSE,FALSE,FALSE,FALSE,1,0,0,0,0,0,0,0,1
69,1208748,小马宝莉大电影,2018/2/2,"美国,加拿大
",8.7,46813000,5408000,16983000,4676,0,FALSE,FALSE,FALSE,FALSE,TRUE,FALSE,FALSE,FALSE,FALSE,FALSE,TRUE,FALSE,TRUE,FALSE,FALSE,0,0,1,0,0,1,0,0,1
70,1201381,恋爱回旋,2018/3/9,"日本
",8.7,18536000,3472000,11468000,14514,0,FALSE,FALSE,FALSE,TRUE,FALSE,FALSE,FALSE,TRUE,FALSE,FALSE,FALSE,FALSE,TRUE,TRUE,FALSE,0,0,0,1,0,0,0,1,0
71,672137,嘻哈英熊,2018/10/4,"中国大陆
",8.7,3811000,1345000,3525000,3006,1,FALSE,FALSE,FALSE,FALSE,FALSE,FALSE,TRUE,FALSE,FALSE,FALSE,TRUE,FALSE,TRUE,FALSE,FALSE,1,0,0,0,0,0,0,0,0
72,1221035,老爸102岁,2018/11/30,"印度
",8.7,30230000,7864000,22111000,10985,0,FALSE,FALSE,FALSE,TRUE,TRUE,FALSE,FALSE,FALSE,FALSE,FALSE,TRUE,FALSE,FALSE,FALSE,FALSE,0,0,0,0,1,0,0,0,0
73,1199020,跨越8年的新娘,2018/10/19,"日本
",8.7,3117000,698000,2160000,3139,0,FALSE,FALSE,FALSE,FALSE,FALSE,FALSE,FALSE,FALSE,FALSE,TRUE,FALSE,FALSE,TRUE,FALSE,FALSE,0,0,0,1,0,0,0,0,1
74,1224643,阿拉姜色,2018/10/26,"中国大陆
",8.7,2440000,394000,1201000,1251,0,FALSE,FALSE,TRUE,FALSE,FALSE,FALSE,FALSE,FALSE,FALSE,FALSE,FALSE,FALSE,TRUE,FALSE,FALSE,1,0,0,0,0,0,0,0,0
75,341628,侏罗纪世界2,2018/6/15,"美国
",8.6,1695000000,202000000,734000000,116641,0,TRUE,FALSE,FALSE,FALSE,FALSE,FALSE,FALSE,FALSE,FALSE,FALSE,FALSE,FALSE,FALSE,FALSE,TRUE,0,0,1,0,0,0,0,0,1
77,1218190,大师兄,2018/8/24,"中国大陆,中国香港
",8.6,146000000,34854000,89594000,26122,1,FALSE,FALSE,FALSE,FALSE,FALSE,FALSE,FALSE,FALSE,FALSE,TRUE,FALSE,FALSE,FALSE,TRUE,FALSE,1,1,0,0,0,0,0,1,0
78,1207271,憨豆特工3,2018/11/23,"法国,美国,英国
",8.6,172000000,21344000,79535000,41413,0,FALSE,FALSE,FALSE,FALSE,FALSE,TRUE,FALSE,FALSE,FALSE,FALSE,TRUE,FALSE,FALSE,TRUE,FALSE,0,0,1,0,0,1,1,1,1
79,1240159,来电狂响,2018/12/28,"中国大陆
",8.6,640000000,17920000,169000000,36544,0,FALSE,FALSE,FALSE,FALSE,FALSE,TRUE,FALSE,FALSE,FALSE,FALSE,TRUE,FALSE,FALSE,TRUE,FALSE,1,0,0,0,0,0,0,0,1
80,334625,美食大冒险之英雄烩,2018/8/17,"中国大陆
",8.6,5027000,1103000,3040000,6367,1,FALSE,FALSE,FALSE,FALSE,FALSE,FALSE,FALSE,FALSE,FALSE,TRUE,TRUE,FALSE,FALSE,FALSE,FALSE,1,0,0,0,0,0,0,0,0
82,1220713,新大头儿子和小头爸爸3：俄罗斯奇遇记,2018/7/6,"中国大陆
",8.6,158000000,19128000,70423000,27049,1,FALSE,FALSE,TRUE,FALSE,FALSE,FALSE,FALSE,TRUE,FALSE,FALSE,FALSE,FALSE,TRUE,FALSE,FALSE,1,0,0,0,0,0,0,0,1
83,342754,三块广告牌,2018/3/2,"美国,英国
",8.6,64990000,2960000,15025000,14326,0,FALSE,FALSE,TRUE,FALSE,FALSE,FALSE,FALSE,FALSE,FALSE,FALSE,FALSE,TRUE,TRUE,FALSE,FALSE,0,0,1,0,0,1,0,0,0
84,1180993,花滑女王,2018/3/30,"俄罗斯
",8.6,17167000,5059000,13372000,12313,0,FALSE,FALSE,FALSE,FALSE,FALSE,TRUE,TRUE,FALSE,FALSE,FALSE,FALSE,FALSE,FALSE,TRUE,FALSE,0,0,0,0,0,1,0,0,1
85,1187437,念念手纪,2018/9/14,"日本
",8.6,4471000,1069000,2814000,6533,0,FALSE,FALSE,FALSE,TRUE,FALSE,FALSE,FALSE,FALSE,FALSE,TRUE,FALSE,FALSE,FALSE,TRUE,FALSE,0,0,0,1,0,0,0,1,0
86,346465,绿毛怪格林奇,2018/12/14,"美国
",8.6,26438000,2742000,19485000,8031,0,TRUE,FALSE,FALSE,TRUE,FALSE,FALSE,TRUE,FALSE,FALSE,FALSE,FALSE,FALSE,FALSE,FALSE,FALSE,0,0,1,0,0,0,1,1,1
87,1213193,猫与桃花源,2018/4/5,"中国大陆
",8.6,21805000,6615000,17092000,7466,0,FALSE,FALSE,FALSE,TRUE,FALSE,FALSE,FALSE,FALSE,FALSE,FALSE,TRUE,FALSE,TRUE,FALSE,FALSE,1,0,0,0,0,0,0,0,0
88,1229963,警车联盟,2018/12/30,"中国大陆
",8.6,5317000,1170000,1184000,1517,0,FALSE,FALSE,FALSE,FALSE,FALSE,FALSE,FALSE,FALSE,FALSE,FALSE,TRUE,TRUE,TRUE,FALSE,FALSE,1,0,0,0,0,0,0,0,0
89,246596,昨日青空,2018/10/26,"中国大陆
",8.5,83827000,12704000,49079000,13708,0,FALSE,FALSE,TRUE,TRUE,FALSE,FALSE,FALSE,FALSE,FALSE,FALSE,TRUE,FALSE,FALSE,FALSE,FALSE,1,0,0,0,0,0,0,0,1
90,1198178,动物世界,2018/6/29,"中国大陆,美国
",8.5,509000000,76318000,233000000,63399,0,TRUE,FALSE,FALSE,FALSE,FALSE,FALSE,FALSE,FALSE,TRUE,FALSE,FALSE,FALSE,FALSE,FALSE,FALSE,1,0,1,0,0,0,0,1,1
91,344135,淘气大侦探,2018/7/20,"英国,美国
",8.5,10415000,2703000,7014000,5960,1,FALSE,FALSE,TRUE,TRUE,FALSE,FALSE,FALSE,FALSE,FALSE,FALSE,TRUE,FALSE,FALSE,FALSE,FALSE,0,0,1,0,0,1,0,1,0
92,341941,冰雪女王3：火与冰,2018/4/5,"俄罗斯
",8.5,74226000,17258000,43168000,17109,0,FALSE,FALSE,FALSE,FALSE,FALSE,FALSE,FALSE,FALSE,FALSE,TRUE,FALSE,FALSE,FALSE,TRUE,FALSE,0,0,0,0,0,1,0,0,1
93,560411,阿凡提之奇缘历险,2018/10/1,"中国大陆
",8.5,76948000,12414000,66213000,5380,1,FALSE,TRUE,FALSE,FALSE,FALSE,FALSE,FALSE,FALSE,FALSE,FALSE,FALSE,FALSE,FALSE,FALSE,FALSE,1,0,0,0,0,0,0,0,1
94,1207707,爱猫之城,2018/9/22,"土耳其,美国
",8.5,2820000,566000,1156000,4562,0,FALSE,TRUE,FALSE,FALSE,FALSE,FALSE,FALSE,FALSE,FALSE,TRUE,TRUE,FALSE,FALSE,FALSE,FALSE,0,0,1,0,0,1,0,0,0
95,367738,完美陌生人,2018/5/25,"意大利
",8.5,53515000,5239000,18414000,16589,0,FALSE,FALSE,TRUE,FALSE,FALSE,FALSE,FALSE,FALSE,FALSE,TRUE,FALSE,FALSE,FALSE,FALSE,FALSE,0,0,0,0,0,1,0,0,0
96,257454,第七个小矮人,2018/6/16,"德国
",8.5,25491000,5740000,12331000,8695,0,FALSE,FALSE,FALSE,FALSE,FALSE,FALSE,FALSE,FALSE,FALSE,FALSE,FALSE,FALSE,FALSE,TRUE,FALSE,0,0,0,0,0,1,0,0,1
97,368109,帝企鹅日记2：召唤,2018/10/12,"法国
",8.5,5395000,572000,3829000,2916,0,FALSE,FALSE,FALSE,FALSE,FALSE,FALSE,FALSE,TRUE,FALSE,FALSE,FALSE,FALSE,FALSE,TRUE,FALSE,0,0,0,0,0,1,0,0,1
98,672382,虎胆追凶,2018/9/21,"美国
",8.5,22418000,4742000,13377000,6312,0,FALSE,FALSE,FALSE,FALSE,FALSE,FALSE,FALSE,FALSE,FALSE,FALSE,TRUE,TRUE,FALSE,FALSE,FALSE,0,0,1,0,0,0,0,1,0
99,883179,汪星卧底,2018/7/20,"美国
",8.5,14991000,2933000,8211000,9381,1,FALSE,FALSE,FALSE,FALSE,TRUE,FALSE,TRUE,FALSE,FALSE,FALSE,FALSE,FALSE,FALSE,FALSE,TRUE,0,0,1,0,0,0,0,0,0
100,1199331,厕所英雄,2018/6/8,"印度
",8.5,94609000,15141000,58587000,17158,0,FALSE,FALSE,FALSE,FALSE,FALSE,FALSE,FALSE,FALSE,FALSE,FALSE,TRUE,FALSE,TRUE,FALSE,FALSE,0,0,0,0,1,0,0,0,0
101,1132494,生存家族,2018/6/22,"日本
",8.5,11405000,1828000,6043000,7990,0,FALSE,FALSE,TRUE,FALSE,FALSE,FALSE,FALSE,FALSE,FALSE,TRUE,FALSE,FALSE,TRUE,FALSE,FALSE,0,0,0,1,0,0,0,0,0
102,1183637,黄金花,2018/4/28,中国大陆，中国香港,8.5,1508000,373000,568000,1488,0,FALSE,TRUE,FALSE,FALSE,FALSE,FALSE,FALSE,FALSE,FALSE,TRUE,FALSE,FALSE,FALSE,FALSE,FALSE,1,1,0,0,0,0,0,0,0
103,1219776,网络谜踪,2018/12/14,"美国,俄罗斯
",8.5,30494000,5146000,18289000,6985,0,FALSE,FALSE,FALSE,FALSE,TRUE,FALSE,FALSE,FALSE,FALSE,FALSE,FALSE,FALSE,FALSE,FALSE,TRUE,0,0,1,0,0,1,0,0,0
104,1203156,兄弟班,2018/7/20,"中国香港
",8.5,1905000,850000,1443000,1246,1,FALSE,FALSE,FALSE,FALSE,FALSE,FALSE,FALSE,FALSE,FALSE,FALSE,FALSE,FALSE,FALSE,TRUE,FALSE,0,1,0,0,0,0,0,0,0
105,341578,那些女人,2018/9/3,"中国大陆
",8.5,4963000,2092000,4622000,1680,0,FALSE,FALSE,FALSE,FALSE,FALSE,FALSE,FALSE,FALSE,FALSE,FALSE,FALSE,FALSE,TRUE,TRUE,FALSE,1,0,0,0,0,0,0,1,0
106,592271,小悟空,2018/7/14,"中国大陆,中国香港
",8.5,8812000,2955000,5810000,6984,1,FALSE,TRUE,FALSE,TRUE,FALSE,FALSE,TRUE,FALSE,FALSE,FALSE,FALSE,FALSE,FALSE,FALSE,FALSE,1,1,0,0,0,0,0,0,0
107,1212533,金龟子,2018/2/2,"中国大陆
",8.5,27798000,4365000,10893000,4200,0,FALSE,FALSE,FALSE,FALSE,FALSE,FALSE,FALSE,FALSE,FALSE,FALSE,TRUE,TRUE,TRUE,FALSE,FALSE,1,0,0,0,0,0,0,0,1
108,1207100,米花之味,2018/4/20,"中国大陆
",8.5,2289000,354000,820000,1977,0,FALSE,FALSE,FALSE,FALSE,FALSE,FALSE,FALSE,FALSE,FALSE,TRUE,TRUE,FALSE,TRUE,FALSE,FALSE,1,0,0,0,0,0,0,0,0
109,892394,奇怪的袜子精灵,2018/8/24,"捷克,斯洛伐克,克罗地亚",8.5,1075000,409000,786000,2599,1,FALSE,FALSE,FALSE,FALSE,FALSE,FALSE,FALSE,FALSE,FALSE,FALSE,FALSE,FALSE,FALSE,TRUE,FALSE,0,0,0,0,0,1,0,0,0
110,1213191,暹罗决：九神战甲,2018/6/29,"泰国
",8.5,2534000,588000,1864000,2797,0,FALSE,FALSE,FALSE,FALSE,FALSE,TRUE,TRUE,FALSE,FALSE,FALSE,FALSE,FALSE,FALSE,FALSE,FALSE,0,0,0,0,0,1,0,1,0
111,528054,青年马克思,2018/5/5,"德国,法国,比利时
",8.5,20784000,238000,500000,3276,0,FALSE,FALSE,FALSE,FALSE,TRUE,FALSE,TRUE,FALSE,FALSE,FALSE,FALSE,FALSE,FALSE,FALSE,TRUE,0,0,0,0,0,1,0,0,1
112,341138,黑豹,2018/3/9,"美国,南非,韩国,澳大利亚
",8.4,662000000,131000000,422000000,74504,0,TRUE,FALSE,FALSE,TRUE,FALSE,FALSE,FALSE,FALSE,FALSE,FALSE,TRUE,FALSE,FALSE,TRUE,FALSE,0,0,1,0,0,1,0,1,1
113,1225632,名侦探柯南：零的执行人,2018/11/9,"日本
",8.4,127000000,25897000,80883000,44185,0,FALSE,FALSE,TRUE,FALSE,FALSE,FALSE,FALSE,FALSE,FALSE,FALSE,FALSE,FALSE,FALSE,FALSE,FALSE,0,0,0,1,0,0,0,0,1
114,1204774,黄金兄弟,2018/9/21,"中国大陆
",8.4,317000000,47478000,157000000,41742,0,TRUE,FALSE,FALSE,FALSE,FALSE,FALSE,FALSE,FALSE,FALSE,FALSE,TRUE,FALSE,FALSE,TRUE,FALSE,1,0,0,0,0,0,0,0,0
115,1197626,镰仓物语,2018/9/14,"日本
",8.4,48511000,6952000,25240000,18391,0,FALSE,TRUE,FALSE,FALSE,FALSE,FALSE,FALSE,FALSE,FALSE,FALSE,FALSE,FALSE,FALSE,TRUE,FALSE,0,0,0,1,0,0,0,1,1
116,1203768,浪矢解忧杂货店,2018/2/2,"日本
",8.4,28763000,6268000,16802000,14296,0,FALSE,FALSE,FALSE,FALSE,FALSE,FALSE,FALSE,FALSE,FALSE,FALSE,TRUE,TRUE,TRUE,FALSE,FALSE,0,0,0,1,0,0,0,1,1
117,346637,幕后玩家,2018/4/28,"中国大陆
",8.4,358000000,43669000,95147000,27065,0,FALSE,FALSE,FALSE,FALSE,FALSE,TRUE,FALSE,FALSE,FALSE,FALSE,TRUE,FALSE,FALSE,TRUE,FALSE,1,0,0,0,0,0,0,1,0
118,338400,神奇马戏团之动物饼干,2018/7/21,"美国,西班牙,中国大陆,韩国
",8.4,64882000,14614000,25218000,12748,1,FALSE,FALSE,TRUE,FALSE,FALSE,FALSE,FALSE,FALSE,FALSE,TRUE,FALSE,FALSE,TRUE,FALSE,FALSE,1,0,1,0,0,1,0,0,0
119,344162,脱单告急,2018/4/20,"中国大陆
",8.4,35020000,9139000,23015000,9583,0,FALSE,TRUE,FALSE,FALSE,FALSE,FALSE,FALSE,FALSE,FALSE,TRUE,FALSE,FALSE,FALSE,TRUE,FALSE,1,0,0,0,0,0,0,0,0
120,1216914,潜艇总动员：海底两万里,2018/6/1,"中国大陆
",8.4,72693000,32450000,59276000,17534,0,FALSE,FALSE,FALSE,FALSE,FALSE,TRUE,FALSE,FALSE,FALSE,FALSE,FALSE,FALSE,FALSE,TRUE,FALSE,1,0,0,0,0,0,0,0,0
121,342900,通勤营救,2018/3/30,"美国,英国
",8.4,45405000,8120000,26088000,11764,0,FALSE,FALSE,FALSE,FALSE,FALSE,FALSE,FALSE,TRUE,FALSE,FALSE,FALSE,FALSE,FALSE,TRUE,FALSE,0,0,1,0,0,1,0,1,0
122,1177952,狗狗的疯狂假期,2018/2/2,"西班牙
",8.4,10599000,1613000,3682000,4618,0,FALSE,FALSE,FALSE,FALSE,FALSE,FALSE,FALSE,FALSE,FALSE,TRUE,FALSE,FALSE,FALSE,TRUE,FALSE,0,0,0,0,0,1,0,0,0
123,1208645,足球王者,2018/8/31,"中国大陆
",8.4,1854000,787000,1561000,1702,1,FALSE,FALSE,FALSE,TRUE,FALSE,FALSE,FALSE,FALSE,FALSE,FALSE,TRUE,FALSE,TRUE,FALSE,FALSE,1,0,0,0,0,0,0,0,1
124,328844,虎皮萌企鹅,2018/3/16,"法国
",8.4,8680000,683000,6297000,2522,0,FALSE,FALSE,FALSE,FALSE,FALSE,FALSE,FALSE,FALSE,FALSE,FALSE,FALSE,FALSE,FALSE,TRUE,FALSE,0,0,0,0,0,1,0,0,1
125,1212787,坏爸爸,2018/2/2,"中国大陆
",8.4,24476000,8418000,14529000,1177,0,FALSE,TRUE,FALSE,FALSE,FALSE,FALSE,FALSE,TRUE,FALSE,FALSE,FALSE,FALSE,FALSE,TRUE,FALSE,1,0,0,0,0,0,0,0,0
126,1238758,我的冤家是条狗,2018/11/9,"英国
",8.4,2320000,476000,1297000,2583,0,FALSE,FALSE,FALSE,FALSE,FALSE,TRUE,FALSE,FALSE,FALSE,FALSE,TRUE,FALSE,FALSE,TRUE,FALSE,0,0,0,0,0,1,0,0,0
128,343720,后来的我们,2018/4/28,"中国大陆,中国台湾
",8.3,1361000000,285000000,562000000,305237,0,FALSE,FALSE,FALSE,TRUE,FALSE,FALSE,FALSE,FALSE,FALSE,FALSE,FALSE,FALSE,FALSE,FALSE,FALSE,1,1,0,0,0,0,0,1,0
129,257739,古墓丽影：源起之战,2018/3/16,"美国
",8.3,497000000,76777000,262000000,54535,0,TRUE,FALSE,FALSE,FALSE,TRUE,FALSE,FALSE,FALSE,FALSE,TRUE,FALSE,FALSE,FALSE,FALSE,TRUE,0,0,1,0,0,0,0,1,1
130,344950,21克拉,2018/4/20,"中国大陆
",8.3,110000000,18170000,63314000,31863,0,FALSE,FALSE,FALSE,FALSE,TRUE,FALSE,FALSE,FALSE,FALSE,FALSE,FALSE,FALSE,FALSE,TRUE,TRUE,1,0,0,0,0,0,0,1,1
131,344292,阿尔法：狼伴归途,2018/9/7,"美国
",8.3,114000000,22097000,70232000,24548,0,TRUE,FALSE,FALSE,FALSE,FALSE,FALSE,FALSE,FALSE,FALSE,TRUE,FALSE,FALSE,FALSE,FALSE,FALSE,0,0,1,0,0,0,0,0,0
132,1216296,说走就走之不说再见,2018/9/14,"中国大陆
",8.3,9870000,2660000,7031000,6601,0,FALSE,FALSE,FALSE,FALSE,FALSE,FALSE,FALSE,FALSE,FALSE,TRUE,FALSE,FALSE,FALSE,FALSE,FALSE,1,0,0,0,0,0,0,0,0
133,1217434,大闹西游,2018/9/22,"中国大陆
",8.3,37854000,8526000,18150000,7646,0,FALSE,FALSE,FALSE,FALSE,FALSE,FALSE,FALSE,FALSE,FALSE,TRUE,FALSE,FALSE,FALSE,TRUE,FALSE,1,0,0,0,0,0,0,0,1
135,1206839,我是你妈,2018/5/11,"中国大陆
",8.3,36822000,6288000,24665000,17557,0,FALSE,TRUE,FALSE,FALSE,FALSE,TRUE,FALSE,FALSE,FALSE,FALSE,FALSE,FALSE,FALSE,FALSE,FALSE,1,0,0,0,0,0,0,0,0
136,1204714,忌日快乐,2018/2/2,"美国
",8.3,61262000,5051000,16649000,8367,0,FALSE,FALSE,FALSE,FALSE,FALSE,TRUE,FALSE,FALSE,FALSE,TRUE,TRUE,FALSE,FALSE,FALSE,FALSE,0,0,1,0,0,0,0,0,0
137,603864,战犬瑞克斯,2018/5/11,"美国
",8.3,6708000,1502000,3860000,7875,0,FALSE,TRUE,FALSE,FALSE,FALSE,FALSE,FALSE,FALSE,FALSE,FALSE,FALSE,TRUE,FALSE,FALSE,FALSE,0,0,1,0,0,0,0,0,0
138,1212413,大坏狐狸的故事,2018/3/16,"法国
",8.3,16092000,1738000,10657000,6802,0,FALSE,FALSE,FALSE,FALSE,TRUE,TRUE,FALSE,FALSE,FALSE,FALSE,TRUE,FALSE,FALSE,FALSE,FALSE,0,0,0,0,0,1,0,0,1
139,642167,飞鸟历险记,2018/3/8,法国,8.3,1313000,349000,1073000,5373,0,FALSE,FALSE,TRUE,FALSE,FALSE,FALSE,FALSE,TRUE,FALSE,FALSE,FALSE,FALSE,TRUE,FALSE,FALSE,0,0,0,0,0,1,0,0,0
140,257664,克隆人,2018/11/23,"英国,中国大陆,波多黎各,美国
",8.3,5320000,1059000,2900000,6317,0,FALSE,FALSE,FALSE,FALSE,FALSE,TRUE,FALSE,FALSE,FALSE,FALSE,FALSE,FALSE,FALSE,TRUE,FALSE,1,0,0,0,0,1,0,0,0
141,345493,飓风奇劫,2018/11/2,"美国
",8.3,95124000,9157000,48904000,6445,0,FALSE,FALSE,FALSE,FALSE,FALSE,FALSE,FALSE,FALSE,FALSE,FALSE,FALSE,FALSE,FALSE,TRUE,FALSE,0,0,1,0,0,0,0,0,0
142,1203084,一出好戏,2018/8/10,"中国大陆
",8.2,1355000000,151000000,534000000,140598,1,FALSE,FALSE,FALSE,FALSE,TRUE,FALSE,FALSE,FALSE,FALSE,FALSE,FALSE,FALSE,FALSE,FALSE,TRUE,1,0,0,0,0,0,1,1,0
143,1210830,胖子行动队,2018/9/30,"中国大陆
",8.2,261000000,31363000,32102000,14924,0,FALSE,FALSE,FALSE,TRUE,FALSE,FALSE,FALSE,FALSE,FALSE,FALSE,TRUE,FALSE,TRUE,FALSE,FALSE,1,0,0,0,0,0,0,0,0
144,1207042,哆啦A梦：大雄的金银岛,2018/6/1,"日本
",8.2,209000000,83924000,157000000,53792,0,FALSE,TRUE,FALSE,FALSE,FALSE,FALSE,FALSE,FALSE,FALSE,FALSE,FALSE,FALSE,FALSE,FALSE,FALSE,0,0,0,1,0,0,0,0,1
145,1199029,玛丽与魔女之花,2018/4/28,"日本
",8.2,20622000,1668000,5971000,9969,0,FALSE,FALSE,TRUE,FALSE,FALSE,FALSE,FALSE,TRUE,FALSE,TRUE,FALSE,FALSE,FALSE,FALSE,FALSE,0,0,0,1,0,0,0,0,1
146,345991,暴裂无声,2018/4/4,"中国大陆
",8.2,54248000,8061000,35869000,15624,0,FALSE,FALSE,TRUE,FALSE,FALSE,FALSE,FALSE,FALSE,FALSE,TRUE,FALSE,TRUE,FALSE,FALSE,FALSE,1,0,0,0,0,0,0,1,0
147,1220838,藏北秘岭-重返无人区,2018/8/31,"中国大陆
",8.2,20576000,1330000,4031000,8409,1,FALSE,FALSE,TRUE,FALSE,FALSE,FALSE,FALSE,FALSE,FALSE,FALSE,TRUE,FALSE,TRUE,FALSE,FALSE,1,0,0,0,0,0,0,0,0
148,78480,狗十三,2018/12/7,"中国大陆
",8.2,51260000,3820000,16145000,12026,0,FALSE,FALSE,FALSE,FALSE,TRUE,FALSE,TRUE,FALSE,FALSE,FALSE,FALSE,FALSE,FALSE,TRUE,FALSE,1,0,0,0,0,0,0,1,0
149,1218299,深海历险记,2018/8/24,"美国,中国大陆
",8.2,17598000,2908000,10418000,6456,1,FALSE,FALSE,TRUE,FALSE,FALSE,FALSE,FALSE,FALSE,FALSE,FALSE,TRUE,TRUE,TRUE,FALSE,FALSE,1,0,1,0,0,0,0,0,0
150,1165276,摘金奇缘,2018/11/30,"美国
",8.2,11489000,2881000,7981000,4922,0,FALSE,FALSE,FALSE,TRUE,FALSE,FALSE,FALSE,FALSE,FALSE,FALSE,TRUE,FALSE,TRUE,FALSE,FALSE,0,0,1,0,0,0,0,0,1
151,1201231,让我怎么相信你,2018/9/14,"中国大陆
",8.2,1836000,743000,1482000,642,0,FALSE,FALSE,FALSE,FALSE,FALSE,TRUE,FALSE,FALSE,FALSE,FALSE,TRUE,FALSE,FALSE,FALSE,FALSE,1,0,0,0,0,0,0,0,0
152,1207103,北方一片苍茫,2018/7/20,中国大陆,8.2,732000,103000,319000,1291,1,FALSE,FALSE,FALSE,FALSE,TRUE,FALSE,TRUE,FALSE,FALSE,FALSE,FALSE,FALSE,FALSE,FALSE,FALSE,1,0,0,0,0,0,0,0,0
153,346272,捉妖记2,2018/2/16,"中国大陆,中国香港
",8.1,2237000000,546000000,1204000000,126088,1,TRUE,FALSE,FALSE,FALSE,FALSE,FALSE,FALSE,FALSE,FALSE,FALSE,FALSE,FALSE,FALSE,TRUE,FALSE,1,1,0,0,0,0,0,1,1
154,341516,狄仁杰之四大天王,2018/7/27,"中国大陆
",8.1,606000000,110000000,296000000,57719,1,TRUE,FALSE,FALSE,TRUE,FALSE,TRUE,TRUE,FALSE,FALSE,FALSE,FALSE,FALSE,FALSE,FALSE,FALSE,1,0,0,0,0,0,1,1,0
155,78460,环太平洋：雷霆再起,2018/3/23,"美国
",8.1,633000000,136000000,411000000,79094,0,TRUE,FALSE,FALSE,FALSE,TRUE,FALSE,FALSE,FALSE,FALSE,FALSE,FALSE,FALSE,FALSE,FALSE,TRUE,0,0,1,0,0,0,0,0,1
156,1203437,影,2018/9/30,"中国大陆
",8.1,628000000,66156000,66231000,33209,0,TRUE,FALSE,FALSE,FALSE,TRUE,FALSE,FALSE,FALSE,FALSE,FALSE,FALSE,FALSE,FALSE,FALSE,TRUE,1,0,0,0,0,0,1,1,0
157,1200978,遇见你真好,2018/3/29,"中国大陆
",8.1,51012000,12084000,33701000,27859,0,FALSE,FALSE,TRUE,FALSE,FALSE,FALSE,FALSE,FALSE,FALSE,TRUE,FALSE,FALSE,TRUE,FALSE,FALSE,1,0,0,0,0,0,0,0,0
158,1139994,猛虫过江,2018/6/15,"中国大陆
",8.1,203000000,18243000,66307000,19108,0,FALSE,TRUE,FALSE,FALSE,FALSE,FALSE,FALSE,FALSE,FALSE,FALSE,FALSE,FALSE,FALSE,TRUE,FALSE,1,0,0,0,0,0,0,0,0
159,341944,游侠索罗：星球大战外传,2018/5/25,"美国
",8.1,106000000,20104000,63183000,21557,0,TRUE,FALSE,FALSE,FALSE,FALSE,FALSE,FALSE,FALSE,FALSE,TRUE,FALSE,TRUE,FALSE,FALSE,FALSE,0,0,1,0,0,0,1,1,1
160,1218267,亲爱的，我要和别人结婚了,2018/5/12,"中国大陆
",8.1,1941000,614000,1007000,18209,0,FALSE,FALSE,FALSE,TRUE,FALSE,FALSE,FALSE,FALSE,FALSE,FALSE,FALSE,FALSE,TRUE,FALSE,FALSE,1,0,0,0,0,0,0,0,0
161,1204476,印度暴徒,2018/12/28,"印度
",8.1,61929000,10435000,32633000,17790,0,FALSE,FALSE,FALSE,TRUE,FALSE,FALSE,FALSE,FALSE,FALSE,FALSE,TRUE,FALSE,TRUE,FALSE,FALSE,0,0,0,0,1,0,0,1,0
162,1187542,昼颜,2018/5/18,"日本
",8.1,14337000,2472000,7554000,15332,0,FALSE,FALSE,FALSE,FALSE,FALSE,FALSE,FALSE,FALSE,FALSE,FALSE,TRUE,FALSE,TRUE,FALSE,FALSE,0,0,0,1,0,0,0,0,0
163,1227585,新灰姑娘,2018/10/1,"中国大陆,美国
",8.1,60138000,12481000,55003000,8456,1,FALSE,FALSE,FALSE,FALSE,FALSE,FALSE,FALSE,FALSE,FALSE,FALSE,TRUE,FALSE,FALSE,TRUE,FALSE,1,0,1,0,0,0,0,0,1
164,1203678,我的间谍前男友,2018/10/19,"美国
",8.1,61745000,12072000,40092000,6876,0,FALSE,FALSE,FALSE,FALSE,FALSE,FALSE,FALSE,FALSE,FALSE,TRUE,FALSE,FALSE,FALSE,TRUE,FALSE,0,0,1,0,0,0,0,0,0
165,1203436,金钱世界,2018/3/2,"美国,英国
",8.1,11157000,2638000,6801000,9692,0,FALSE,TRUE,FALSE,FALSE,FALSE,FALSE,FALSE,FALSE,FALSE,FALSE,FALSE,FALSE,FALSE,FALSE,FALSE,0,0,1,0,0,1,0,0,0
166,1198834,给19岁的我自己,2018/5/29,"中国大陆
",8.1,4388000,1824000,3740000,12986,0,FALSE,FALSE,FALSE,FALSE,FALSE,FALSE,FALSE,FALSE,FALSE,FALSE,FALSE,TRUE,FALSE,TRUE,FALSE,1,0,0,0,0,0,0,0,0
167,337129,亡命救赎,2018/11/30,"法国
",8.1,14217000,5759000,11349000,6927,0,FALSE,FALSE,FALSE,FALSE,FALSE,FALSE,FALSE,TRUE,FALSE,TRUE,FALSE,FALSE,FALSE,TRUE,FALSE,0,0,0,0,0,1,0,0,0
168,1182417,萌犬好声音,2018/3/24,"加拿大
",8.1,9802000,4704000,7520000,5579,0,FALSE,FALSE,FALSE,FALSE,FALSE,FALSE,FALSE,FALSE,FALSE,TRUE,FALSE,FALSE,FALSE,TRUE,FALSE,0,0,0,0,0,1,0,0,0
169,1238843,一百年很长吗,2018/12/1,"中国大陆
",8.1,1238000,522000,790000,3480,0,FALSE,FALSE,TRUE,FALSE,FALSE,FALSE,FALSE,FALSE,FALSE,FALSE,TRUE,FALSE,TRUE,FALSE,FALSE,1,0,0,0,0,0,0,0,0
170,1204528,超大号美人,2018/8/28,美国,8.1,1482000,611000,1405000,3279,1,FALSE,FALSE,FALSE,FALSE,FALSE,FALSE,FALSE,FALSE,FALSE,FALSE,TRUE,TRUE,TRUE,FALSE,FALSE,0,0,1,0,0,0,0,0,0
171,1212982,人怕出名猪怕壮,2018/2/20,"中国大陆
",8.1,8378000,218000,760000,1111,1,FALSE,TRUE,FALSE,FALSE,FALSE,FALSE,FALSE,FALSE,FALSE,TRUE,FALSE,FALSE,FALSE,FALSE,FALSE,1,0,0,0,0,0,0,0,0
172,1228750,照相师,2018/12/12,"中国大陆
",8.1,20891000,128000,447000,1010,0,FALSE,FALSE,FALSE,FALSE,FALSE,FALSE,FALSE,FALSE,FALSE,TRUE,FALSE,FALSE,FALSE,FALSE,FALSE,1,0,0,0,0,0,0,0,0
174,1216365,小偷家族,2018/8/3,"日本
",8,96749000,13399000,48395000,21215,1,FALSE,FALSE,FALSE,FALSE,FALSE,FALSE,FALSE,FALSE,FALSE,FALSE,FALSE,FALSE,FALSE,TRUE,FALSE,0,0,0,1,0,0,1,0,0
175,1204622,水形物语,2018/3/16,"美国
",8,105000000,21817000,67718000,43523,0,FALSE,FALSE,FALSE,FALSE,FALSE,FALSE,FALSE,FALSE,TRUE,FALSE,FALSE,FALSE,FALSE,FALSE,FALSE,0,0,1,0,0,0,0,0,0
176,343176,奇葩朵朵,2018/4/4,"中国大陆
",8,30214000,10692000,26689000,16247,0,FALSE,FALSE,FALSE,FALSE,FALSE,TRUE,TRUE,FALSE,FALSE,FALSE,FALSE,FALSE,FALSE,FALSE,FALSE,1,0,0,0,0,0,0,0,0
177,1208008,泄密者,2018/6/15,"中国香港
",8,70821000,10163000,34258000,17567,0,FALSE,FALSE,FALSE,FALSE,FALSE,FALSE,FALSE,FALSE,FALSE,FALSE,FALSE,TRUE,FALSE,TRUE,FALSE,0,1,0,0,0,0,0,1,0
178,1197507,吃货宇宙,2018/6/16,"中国大陆
",8,4857000,1707000,3095000,8693,0,FALSE,TRUE,FALSE,FALSE,FALSE,FALSE,FALSE,FALSE,FALSE,TRUE,FALSE,FALSE,FALSE,FALSE,FALSE,1,0,0,0,0,0,0,0,0
179,1218043,荒城纪,2018/5/18,中国大陆,8,1374000,311000,834000,3369,0,FALSE,FALSE,TRUE,FALSE,FALSE,FALSE,FALSE,TRUE,FALSE,FALSE,FALSE,TRUE,FALSE,FALSE,FALSE,1,0,0,0,0,0,0,0,0
180,1208934,因果启示录,2018/6/8,"中国大陆
",8,1334000,250000,661000,2288,0,FALSE,FALSE,TRUE,FALSE,FALSE,FALSE,FALSE,TRUE,FALSE,FALSE,FALSE,FALSE,TRUE,FALSE,FALSE,1,0,0,0,0,0,0,0,0
181,858598,莫斯科陷落,2018/2/2,"俄罗斯
",8,2380000,554000,1129000,1772,0,FALSE,TRUE,FALSE,TRUE,FALSE,FALSE,TRUE,FALSE,FALSE,FALSE,FALSE,FALSE,FALSE,FALSE,FALSE,0,0,0,0,0,1,0,0,0
182,344551,清水里的刀子,2018/4/4,"中国大陆
",8,582000,102000,303000,1857,0,FALSE,FALSE,FALSE,FALSE,TRUE,FALSE,TRUE,FALSE,FALSE,FALSE,FALSE,FALSE,FALSE,FALSE,TRUE,1,0,0,0,0,0,0,0,0
183,338463,西游记女儿国,2018/2/16,"中国大陆,中国香港
",7.9,727000000,164000000,331000000,53260,1,FALSE,FALSE,FALSE,FALSE,TRUE,FALSE,FALSE,FALSE,FALSE,FALSE,FALSE,FALSE,FALSE,FALSE,TRUE,1,1,0,0,0,0,0,1,1
184,1217402,李茶的姑妈,2018/9/30,"中国大陆
",7.9,604000000,106000000,106000000,36242,0,TRUE,FALSE,FALSE,FALSE,TRUE,FALSE,FALSE,FALSE,FALSE,FALSE,FALSE,FALSE,FALSE,FALSE,TRUE,1,0,0,0,0,0,0,1,1
188,346015,胡桃夹子和四个王国,2018/11/2,"美国
",7.9,112000000,23662000,82552000,31315,0,FALSE,FALSE,FALSE,TRUE,FALSE,FALSE,FALSE,FALSE,FALSE,FALSE,FALSE,FALSE,TRUE,TRUE,FALSE,0,0,1,0,0,0,0,1,1
189,1217650,魔镜奇缘2,2018/6/1,"中国大陆
",7.9,20629000,9558000,16557000,13951,0,FALSE,FALSE,FALSE,FALSE,FALSE,FALSE,FALSE,FALSE,FALSE,TRUE,FALSE,FALSE,FALSE,TRUE,FALSE,1,0,0,0,0,0,0,0,1
190,13457,龙凤斗,2018/2/10,中国香港,7.9,14915000,312000,500000,1918,0,FALSE,TRUE,FALSE,FALSE,FALSE,FALSE,FALSE,FALSE,FALSE,TRUE,FALSE,FALSE,FALSE,TRUE,FALSE,0,1,0,0,0,0,0,1,0
192,1198977,大象席地而坐,2018/7/12,"中国大陆
",7.9,9767000,3743000,7577000,234,1,FALSE,FALSE,TRUE,FALSE,FALSE,FALSE,FALSE,TRUE,FALSE,FALSE,FALSE,TRUE,TRUE,FALSE,FALSE,1,0,0,0,0,0,0,0,1
193,367845,无敌原始人,2018/10/19,"英国,法国,美国
",7.9,3595000,367000,2807000,2502,0,FALSE,FALSE,FALSE,FALSE,FALSE,TRUE,FALSE,FALSE,FALSE,TRUE,TRUE,FALSE,FALSE,FALSE,FALSE,0,0,1,0,0,1,0,1,0
195,577564,神奇动物：格林德沃之罪,2018/11/16,"美国,英国
",7.8,398000000,80405000,260000000,69892,0,TRUE,FALSE,FALSE,FALSE,FALSE,FALSE,FALSE,FALSE,FALSE,FALSE,FALSE,FALSE,FALSE,TRUE,FALSE,0,0,1,0,0,1,0,1,1
196,1203310,龙虾刑警,2018/6/22,"中国大陆
",7.8,68791000,18083000,44855000,16077,0,FALSE,FALSE,TRUE,FALSE,FALSE,FALSE,FALSE,TRUE,FALSE,TRUE,FALSE,FALSE,FALSE,FALSE,FALSE,1,0,0,0,0,0,0,0,0
197,1208148,中国蓝盔,2018/11/23,"中国大陆
",7.8,17928000,4887000,10390000,19506,0,FALSE,FALSE,FALSE,FALSE,FALSE,FALSE,FALSE,FALSE,FALSE,TRUE,FALSE,FALSE,FALSE,TRUE,FALSE,1,0,0,0,0,0,0,0,0
198,1216326,你好，之华,2018/11/9,"中国大陆
",7.8,80201000,13221000,40349000,20076,0,FALSE,FALSE,FALSE,FALSE,FALSE,FALSE,FALSE,FALSE,FALSE,FALSE,TRUE,TRUE,TRUE,FALSE,FALSE,1,0,0,0,0,0,1,1,0
199,410641,我说的都是真的,2018/3/30,"中国大陆
",7.8,17836000,4621000,11438000,13115,0,FALSE,FALSE,FALSE,FALSE,FALSE,FALSE,FALSE,TRUE,FALSE,FALSE,FALSE,FALSE,FALSE,TRUE,FALSE,1,0,0,0,0,0,0,0,0
200,342607,未择之路,2018/9/14,"中国大陆
",7.8,7454000,2351000,5406000,4293,0,FALSE,FALSE,TRUE,FALSE,FALSE,FALSE,FALSE,TRUE,FALSE,FALSE,FALSE,FALSE,TRUE,FALSE,FALSE,1,0,0,0,0,0,0,1,0
201,1189938,道高一丈,2018/9/6,"中国大陆
",7.8,12070000,1401000,9686000,5828,0,FALSE,FALSE,FALSE,FALSE,FALSE,FALSE,FALSE,FALSE,FALSE,TRUE,FALSE,FALSE,FALSE,FALSE,FALSE,1,0,0,0,0,0,0,0,0
202,1170241,哥斯拉：怪兽行星,2018/9/21,"日本
",7.8,1615000,263000,1050000,6997,0,FALSE,FALSE,FALSE,FALSE,FALSE,FALSE,FALSE,FALSE,FALSE,FALSE,FALSE,FALSE,FALSE,TRUE,FALSE,0,0,0,1,0,0,0,0,1
203,1199188,犬之岛,2018/4/20,"美国
",7.8,43525000,6928000,26054000,11780,0,FALSE,FALSE,FALSE,FALSE,FALSE,FALSE,FALSE,FALSE,FALSE,FALSE,FALSE,FALSE,FALSE,TRUE,FALSE,0,0,1,0,0,0,0,1,0
204,1163201,快乐星球之三十六号,2018/6/30,"中国大陆
",7.8,688000,146000,201000,2196,0,FALSE,FALSE,TRUE,FALSE,FALSE,FALSE,FALSE,FALSE,FALSE,FALSE,FALSE,FALSE,TRUE,FALSE,FALSE,1,0,0,0,0,0,0,0,1
205,879019,西小河的夏天,2018/5/25,"中国大陆
",7.8,1917000,294000,787000,2976,0,FALSE,FALSE,TRUE,FALSE,FALSE,FALSE,FALSE,FALSE,FALSE,TRUE,FALSE,FALSE,TRUE,FALSE,FALSE,1,0,0,0,0,0,0,0,0
207,1208343,毕业旅行笑翻天,2018/2/1,"中国大陆
",7.8,218000,121000,171000,785,0,FALSE,FALSE,FALSE,FALSE,FALSE,TRUE,TRUE,FALSE,FALSE,FALSE,FALSE,FALSE,FALSE,TRUE,FALSE,1,0,0,0,0,0,0,0,0
208,1203554,寂静之地,2018/5/18,"美国
",7.7,220000000,33302000,113000000,69816,0,FALSE,FALSE,TRUE,FALSE,FALSE,FALSE,FALSE,TRUE,FALSE,FALSE,FALSE,FALSE,TRUE,FALSE,FALSE,0,0,1,0,0,0,0,0,0
209,342062,铁血战士,2018/10/26,"美国
",7.7,216000000,48649000,135000000,37408,0,TRUE,FALSE,FALSE,FALSE,TRUE,FALSE,TRUE,FALSE,FALSE,FALSE,FALSE,FALSE,FALSE,FALSE,FALSE,0,0,1,0,0,0,0,0,0
210,1218298,肆式青春,2018/8/4,"中国大陆,日本
",7.7,2827000,906000,1498000,15591,1,FALSE,FALSE,FALSE,FALSE,FALSE,FALSE,FALSE,FALSE,FALSE,TRUE,FALSE,FALSE,FALSE,FALSE,FALSE,1,0,0,1,0,0,0,0,0
211,1198828,古剑奇谭之流月昭明,2018/10/1,"中国大陆
",7.7,14119000,8301000,13304000,5579,1,FALSE,FALSE,TRUE,FALSE,FALSE,FALSE,FALSE,TRUE,FALSE,TRUE,FALSE,FALSE,FALSE,FALSE,FALSE,1,0,0,0,0,0,0,0,1
212,1200245,第三度嫌疑人,2018/3/30,"日本
",7.7,4522000,691000,2248000,7920,0,FALSE,FALSE,FALSE,FALSE,FALSE,FALSE,FALSE,FALSE,FALSE,TRUE,FALSE,FALSE,TRUE,FALSE,FALSE,0,0,0,1,0,0,1,1,0
213,1244914,龟兔大作战,2018/12/30,"中国大陆
",7.7,10079000,2077000,2151000,1104,0,FALSE,FALSE,FALSE,FALSE,FALSE,FALSE,FALSE,FALSE,FALSE,TRUE,TRUE,FALSE,FALSE,FALSE,FALSE,1,0,0,0,0,0,0,0,0
214,1207577,黑暗迷宫,2018/10/31,"中国大陆
",7.7,4117000,1235000,3727000,1558,0,FALSE,TRUE,FALSE,FALSE,TRUE,FALSE,TRUE,FALSE,FALSE,FALSE,FALSE,FALSE,FALSE,FALSE,FALSE,1,0,0,0,0,0,0,0,0
215,1211538,祖宗十九代,2018/2/16,"中国大陆
",7.6,169000000,17422000,49482000,23267,1,FALSE,FALSE,FALSE,FALSE,FALSE,FALSE,FALSE,FALSE,FALSE,FALSE,FALSE,FALSE,FALSE,TRUE,FALSE,1,0,0,0,0,0,0,1,0
216,345000,毕业作品,2018/4/13,"中国大陆
",7.6,4567000,1205000,3138000,11672,0,FALSE,FALSE,FALSE,FALSE,TRUE,TRUE,TRUE,FALSE,FALSE,FALSE,FALSE,FALSE,FALSE,FALSE,FALSE,1,0,0,0,0,0,0,0,0
217,1208342,江湖儿女,2018/9/21,"中国大陆
",7.6,69947000,13252000,40792000,12175,0,FALSE,FALSE,TRUE,FALSE,FALSE,FALSE,TRUE,FALSE,FALSE,FALSE,TRUE,FALSE,FALSE,FALSE,FALSE,1,0,0,0,0,0,1,1,0
218,1207335,滴答屋,2018/11/1,"美国
",7.6,19047000,5515000,16547000,10976,0,TRUE,FALSE,FALSE,FALSE,FALSE,TRUE,FALSE,FALSE,FALSE,TRUE,FALSE,FALSE,FALSE,TRUE,FALSE,0,0,1,0,0,0,0,0,1
219,346339,为你写诗,2018/10/26,"中国大陆
",7.6,12777000,3984000,9837000,4292,0,FALSE,FALSE,TRUE,FALSE,FALSE,FALSE,TRUE,FALSE,FALSE,FALSE,FALSE,FALSE,FALSE,TRUE,FALSE,1,0,0,0,0,0,0,0,0
220,1220923,我的宠物恐龙,2018/5/31,"澳大利亚
",7.6,8642000,1730000,8129000,5231,0,FALSE,FALSE,FALSE,FALSE,TRUE,FALSE,FALSE,FALSE,FALSE,FALSE,TRUE,FALSE,TRUE,FALSE,FALSE,0,0,0,0,0,1,0,0,0
221,1218253,阿里巴巴三根金发,2018/12/30,"中国大陆
",7.6,10077000,2315000,2315000,3465,0,FALSE,FALSE,TRUE,FALSE,FALSE,FALSE,FALSE,TRUE,FALSE,FALSE,FALSE,FALSE,TRUE,FALSE,FALSE,1,0,0,0,0,0,0,0,1
222,1229753,两个俏公主,2018/11/10,"中国大陆
",7.6,2226000,1183000,1720000,2328,0,FALSE,FALSE,TRUE,TRUE,FALSE,FALSE,FALSE,FALSE,FALSE,FALSE,FALSE,FALSE,FALSE,FALSE,FALSE,1,0,0,0,0,0,0,0,0
223,248907,新乌龙院之笑闹江湖,2018/8/17,"中国大陆
",7.5,130000000,67399000,102000000,69803,1,FALSE,FALSE,FALSE,FALSE,TRUE,FALSE,FALSE,FALSE,FALSE,FALSE,FALSE,FALSE,FALSE,FALSE,FALSE,1,0,0,0,0,0,0,0,1
224,342165,武林怪兽,2018/12/21,"中国大陆,中国香港
",7.5,79645000,16616000,52520000,17173,0,TRUE,TRUE,FALSE,TRUE,FALSE,FALSE,FALSE,FALSE,FALSE,FALSE,FALSE,FALSE,FALSE,FALSE,FALSE,1,1,0,0,0,0,0,1,0
225,1220969,惊涛飓浪,2018/12/7,"美国
",7.5,11145000,3811000,8030000,10772,0,FALSE,FALSE,FALSE,FALSE,FALSE,TRUE,TRUE,FALSE,FALSE,FALSE,FALSE,FALSE,FALSE,TRUE,FALSE,0,0,1,0,0,0,0,0,1
226,1196215,路过未来,2018/5/17,"中国大陆
",7.5,2540000,391000,1071000,4300,0,FALSE,TRUE,FALSE,FALSE,FALSE,FALSE,FALSE,FALSE,FALSE,FALSE,FALSE,TRUE,FALSE,TRUE,FALSE,1,0,0,0,0,0,0,0,0
227,1218718,尖叫直播,2018/4/29,"中国大陆
",7.5,3111000,708000,747000,4205,0,FALSE,FALSE,FALSE,FALSE,FALSE,FALSE,FALSE,FALSE,FALSE,FALSE,FALSE,FALSE,FALSE,TRUE,FALSE,1,0,0,0,0,0,0,0,0
228,1218725,开战,2018/10/20,法国,7.5,3111000,708000,747000,15,0,FALSE,TRUE,FALSE,FALSE,FALSE,FALSE,FALSE,FALSE,FALSE,FALSE,FALSE,FALSE,FALSE,FALSE,FALSE,0,0,0,0,0,1,0,0,0
229,248566,邪不压正,2018/7/13,"中国大陆
",7.4,583000000,122000000,315000000,82290,1,TRUE,FALSE,FALSE,FALSE,TRUE,FALSE,FALSE,FALSE,FALSE,FALSE,FALSE,FALSE,FALSE,FALSE,TRUE,1,0,0,0,0,0,1,1,1
230,338426,湮灭,2018/4/13,"美国,英国
",7.4,66080000,13752000,38377000,22222,0,FALSE,TRUE,FALSE,FALSE,FALSE,FALSE,FALSE,FALSE,FALSE,FALSE,FALSE,FALSE,TRUE,FALSE,FALSE,0,0,1,0,0,1,0,1,1
231,345058,解码游戏,2018/8/3,"中国大陆
",7.4,9689000,4209000,7733000,8758,1,FALSE,TRUE,FALSE,FALSE,FALSE,FALSE,FALSE,FALSE,FALSE,FALSE,FALSE,FALSE,FALSE,TRUE,FALSE,1,0,0,0,0,0,0,0,0
232,1199446,泡芙小姐,2018/2/9,"中国大陆
",7.4,19340000,6271000,13197000,7242,0,FALSE,TRUE,FALSE,FALSE,FALSE,FALSE,FALSE,FALSE,FALSE,FALSE,FALSE,FALSE,FALSE,FALSE,FALSE,1,0,0,0,0,0,0,0,0
234,341999,盲·道,2018/2/2,"中国大陆
",7.4,524000,134000,237000,1478,0,FALSE,TRUE,FALSE,FALSE,FALSE,FALSE,FALSE,FALSE,FALSE,FALSE,FALSE,FALSE,FALSE,TRUE,FALSE,1,0,0,0,0,0,0,0,0
235,248162,欧洲攻略,2018/8/17,"中国大陆
",7.3,153000000,97216000,135000000,66500,1,TRUE,FALSE,FALSE,FALSE,FALSE,FALSE,FALSE,FALSE,TRUE,FALSE,FALSE,FALSE,FALSE,FALSE,FALSE,1,0,0,0,0,0,0,1,0
236,1213098,的士速递5,2018/8/3,"法国
",7.3,31210000,10540000,23109000,28293,1,FALSE,FALSE,TRUE,FALSE,FALSE,FALSE,FALSE,FALSE,FALSE,FALSE,FALSE,FALSE,FALSE,FALSE,FALSE,0,0,0,0,0,1,0,0,1
237,1215629,监狱犬计划,2018/6/21,中国大陆,7.3,1248000,663000,953000,9714,0,FALSE,TRUE,FALSE,FALSE,FALSE,FALSE,FALSE,FALSE,FALSE,TRUE,TRUE,FALSE,FALSE,FALSE,FALSE,1,0,0,0,0,0,0,0,0
238,1132373,宇宙有爱浪漫同游,2018/3/2,"中国大陆
",7.3,1548000,920000,1332000,3583,0,FALSE,FALSE,FALSE,FALSE,FALSE,FALSE,FALSE,FALSE,FALSE,TRUE,TRUE,FALSE,FALSE,FALSE,FALSE,1,0,0,0,0,0,0,0,0
239,479074,冷恋时代,2018/9/21,"中国大陆
",7.3,3350000,606000,2131000,1136,0,FALSE,TRUE,FALSE,FALSE,FALSE,FALSE,FALSE,FALSE,FALSE,FALSE,FALSE,FALSE,FALSE,TRUE,FALSE,1,0,0,0,0,0,0,0,0
240,1198539,女他,2018/6/20,"中国大陆
",7.3,3350000,606000,2131000,6,0,FALSE,FALSE,FALSE,FALSE,FALSE,FALSE,FALSE,FALSE,FALSE,FALSE,FALSE,FALSE,FALSE,TRUE,FALSE,1,0,0,0,0,0,0,0,0
241,1198439,低压槽：欲望之城,2018/4/28,"中国大陆,中国香港
",7.2,34909000,9774000,17968000,13820,0,FALSE,FALSE,FALSE,FALSE,TRUE,FALSE,FALSE,FALSE,FALSE,TRUE,FALSE,FALSE,FALSE,FALSE,FALSE,1,1,0,0,0,0,0,1,0
242,672164,幸福马上来,2018/6/8,"中国大陆
",7.2,101000000,14608000,45734000,17723,0,FALSE,FALSE,TRUE,FALSE,FALSE,FALSE,FALSE,TRUE,FALSE,FALSE,FALSE,TRUE,TRUE,FALSE,FALSE,1,0,0,0,0,0,0,0,0
243,1198455,二十岁,2018/11/30,"中国大陆
",7.2,3203000,1256000,2624000,10437,0,FALSE,TRUE,FALSE,FALSE,FALSE,FALSE,FALSE,FALSE,FALSE,TRUE,FALSE,FALSE,FALSE,FALSE,FALSE,1,0,0,0,0,0,0,0,0
244,341674,命运速递,2018/5/25,"中国大陆
",7.2,1406000,467000,923000,4982,0,FALSE,FALSE,FALSE,FALSE,FALSE,TRUE,TRUE,FALSE,FALSE,FALSE,FALSE,FALSE,FALSE,TRUE,FALSE,1,0,0,0,0,0,0,0,0
245,1225895,画师,2018/8/17,"中国大陆
",7.2,1406000,467000,923000,5,1,FALSE,FALSE,FALSE,FALSE,FALSE,FALSE,FALSE,FALSE,FALSE,TRUE,FALSE,FALSE,FALSE,TRUE,FALSE,1,0,0,0,0,0,0,0,0
246,246835,寻找罗麦,2018/4/13,"中国大陆,法国
",7.1,4015000,1435000,2998000,5783,0,FALSE,FALSE,TRUE,FALSE,FALSE,FALSE,FALSE,FALSE,FALSE,FALSE,FALSE,FALSE,FALSE,FALSE,FALSE,1,0,0,0,0,1,0,0,0
247,1194411,三国杀·幻,2018/11/9,"中国大陆
",7.1,1049000,368000,734000,2606,0,FALSE,TRUE,FALSE,FALSE,FALSE,FALSE,FALSE,FALSE,FALSE,FALSE,FALSE,FALSE,FALSE,FALSE,FALSE,1,0,0,0,0,0,0,0,1
249,1220172,有五个姐姐的我就注定要单身了啊,2018/11/16,"中国台湾
",7.1,853000,114000,301000,3092,0,FALSE,FALSE,FALSE,FALSE,FALSE,FALSE,FALSE,FALSE,FALSE,FALSE,FALSE,FALSE,FALSE,TRUE,FALSE,0,1,0,0,0,0,0,0,1
251,1200045,深海越狱,2018/6/8,"美国
",7,51375000,17660000,40755000,21307,0,FALSE,FALSE,TRUE,FALSE,FALSE,FALSE,FALSE,TRUE,FALSE,TRUE,FALSE,FALSE,TRUE,FALSE,FALSE,0,0,1,0,0,0,0,0,0
253,1204093,功夫联盟,2018/10/26,"中国大陆
",7,17978000,5155000,12618000,7263,0,FALSE,FALSE,FALSE,FALSE,FALSE,FALSE,FALSE,FALSE,FALSE,FALSE,FALSE,FALSE,FALSE,TRUE,FALSE,1,0,0,0,0,0,0,0,0
254,344164,脱皮爸爸,2018/3/23,"中国大陆,中国香港
",7,8025000,2860000,6428000,11091,0,FALSE,FALSE,TRUE,FALSE,FALSE,FALSE,FALSE,FALSE,FALSE,TRUE,FALSE,FALSE,TRUE,FALSE,FALSE,1,1,0,0,0,0,0,1,0
255,79115,守望一生,2018/9/10,"中国大陆
",7,148000,53000,102000,425,0,FALSE,FALSE,FALSE,FALSE,FALSE,FALSE,FALSE,FALSE,TRUE,FALSE,FALSE,FALSE,FALSE,TRUE,FALSE,1,0,0,0,0,0,0,0,0
256,342930,漂亮男孩,2018/10/12,"美国
",7,148000,53000,102000,20,0,FALSE,FALSE,FALSE,FALSE,FALSE,FALSE,FALSE,FALSE,FALSE,TRUE,FALSE,FALSE,FALSE,FALSE,FALSE,0,0,1,0,0,0,0,0,1
257,1233373,超时空大冒险,2018/12/1,"中国大陆
",6.9,2855000,397000,674000,1276,0,FALSE,FALSE,FALSE,FALSE,FALSE,FALSE,FALSE,FALSE,FALSE,TRUE,FALSE,FALSE,FALSE,TRUE,FALSE,1,0,0,0,0,0,0,0,0
258,1175253,爱情公寓,2018/8/10,"中国大陆
",6.8,555000000,303000000,491000000,354632,1,FALSE,FALSE,FALSE,FALSE,FALSE,FALSE,FALSE,FALSE,FALSE,TRUE,FALSE,FALSE,FALSE,FALSE,FALSE,1,0,0,0,0,0,0,0,1
259,1048266,暮光巴黎,2018/10/26,"中国大陆,法国
",6.8,2086000,880000,1765000,5239,0,FALSE,TRUE,FALSE,FALSE,FALSE,FALSE,FALSE,FALSE,FALSE,FALSE,FALSE,FALSE,FALSE,FALSE,FALSE,1,0,0,0,0,1,0,0,0
260,345013,战神纪,2018/4/28,"中国大陆
",6.8,38076000,11359000,19807000,14567,0,FALSE,TRUE,FALSE,FALSE,FALSE,FALSE,TRUE,FALSE,FALSE,FALSE,TRUE,FALSE,FALSE,FALSE,FALSE,1,0,0,0,0,0,0,0,0
261,344649,天气预爆,2018/12/21,"中国大陆
",6.8,123000000,38377000,85448000,32673,0,TRUE,FALSE,FALSE,FALSE,FALSE,TRUE,FALSE,FALSE,FALSE,FALSE,FALSE,FALSE,FALSE,TRUE,FALSE,1,0,0,0,0,0,0,0,0
262,1217651,小公主艾薇拉与神秘王国,2018/5/12,"中国大陆
",6.8,6616000,764000,1479000,9609,0,FALSE,TRUE,FALSE,FALSE,FALSE,FALSE,FALSE,FALSE,FALSE,FALSE,FALSE,FALSE,FALSE,TRUE,FALSE,1,0,0,0,0,0,0,0,1
263,1220835,伊阿索密码,2018/6/22,"中国大陆
",6.8,1305000,636000,1001000,4950,0,FALSE,FALSE,TRUE,FALSE,FALSE,FALSE,FALSE,TRUE,FALSE,TRUE,FALSE,FALSE,FALSE,FALSE,FALSE,1,0,0,0,0,0,0,0,0
264,340946,纯洁心灵·逐梦演艺圈,2018/2/9,"中国大陆
",6.8,2338000,25000,54000,420,0,FALSE,FALSE,FALSE,FALSE,FALSE,FALSE,FALSE,FALSE,FALSE,FALSE,FALSE,FALSE,TRUE,TRUE,FALSE,1,0,0,0,0,0,0,0,0
266,1229768,两只小猪之勇闯神秘岛,2018/12/30,"中国大陆
",6.7,5097000,1647000,1718000,1802,0,FALSE,FALSE,FALSE,FALSE,TRUE,FALSE,TRUE,FALSE,FALSE,FALSE,FALSE,FALSE,FALSE,FALSE,FALSE,1,0,0,0,0,0,0,0,1
267,1242941,夜魔奇案,2018/12/21,"中国大陆
",6.7,230000,83000,149000,647,0,FALSE,FALSE,TRUE,FALSE,FALSE,FALSE,FALSE,FALSE,FALSE,TRUE,FALSE,FALSE,TRUE,FALSE,FALSE,1,0,0,0,0,0,0,0,0
268,247083,闺蜜2,2018/3/2,"中国香港,中国大陆
",6.6,64345000,27073000,49620000,26018,0,FALSE,FALSE,FALSE,FALSE,FALSE,TRUE,FALSE,FALSE,FALSE,FALSE,TRUE,FALSE,FALSE,TRUE,FALSE,1,1,0,0,0,0,0,1,1
269,1212518,西北风云,2018/4/13,"中国大陆
",6.6,4029000,1594000,2889000,3876,0,FALSE,FALSE,TRUE,FALSE,FALSE,FALSE,FALSE,FALSE,FALSE,FALSE,FALSE,TRUE,TRUE,FALSE,FALSE,1,0,0,0,0,0,0,1,0
270,337105,夺命来电,2018/4/13,"中国大陆
",6.6,1236000,305000,761000,2700,0,FALSE,FALSE,FALSE,FALSE,FALSE,FALSE,FALSE,TRUE,FALSE,FALSE,FALSE,TRUE,TRUE,FALSE,FALSE,1,0,0,0,0,0,0,0,0
271,485804,数码宝贝大冒险tri. 第6章,2018/5/5,"日本
",6.6,1236000,305000,761000,81,0,FALSE,FALSE,TRUE,FALSE,FALSE,FALSE,FALSE,TRUE,FALSE,TRUE,FALSE,FALSE,TRUE,FALSE,FALSE,0,0,0,1,0,0,0,0,1
272,1197181,金蝉脱壳2：冥府,2018/6/29,"美国
",6.5,91323000,35354000,70930000,45572,0,FALSE,FALSE,TRUE,FALSE,FALSE,FALSE,FALSE,TRUE,FALSE,TRUE,FALSE,FALSE,FALSE,FALSE,FALSE,0,0,1,0,0,0,0,0,1
273,346096,阿修罗,2018/7/13,"中国大陆
",6.4,49840000,25529000,48614000,42182,1,FALSE,FALSE,FALSE,FALSE,FALSE,FALSE,FALSE,TRUE,FALSE,FALSE,FALSE,FALSE,TRUE,FALSE,FALSE,1,0,0,0,0,0,0,1,0
274,1182289,一纸婚约,2018/6/8,"中国大陆
",6.4,751000,261000,596000,6439,0,FALSE,FALSE,FALSE,FALSE,FALSE,FALSE,FALSE,FALSE,FALSE,TRUE,TRUE,TRUE,FALSE,FALSE,FALSE,1,0,0,0,0,0,0,1,0
275,1203210,凤凰城遗忘录,2018/6/22,美国,6.4,749000,420000,626000,6719,0,FALSE,FALSE,FALSE,FALSE,FALSE,FALSE,FALSE,TRUE,FALSE,TRUE,FALSE,FALSE,FALSE,TRUE,FALSE,0,0,1,0,0,0,0,0,0
276,246394,森林之子毛克利,2018/12/7,"美国,英国
",6.4,749000,420000,626000,3,0,FALSE,FALSE,FALSE,FALSE,FALSE,FALSE,FALSE,FALSE,TRUE,FALSE,FALSE,FALSE,FALSE,FALSE,FALSE,0,0,1,0,0,1,0,1,0
277,1235456,冒牌搭档,2018/11/30,"中国大陆
",6.3,1467000,665000,1156000,2049,0,FALSE,FALSE,FALSE,FALSE,TRUE,FALSE,FALSE,FALSE,FALSE,FALSE,FALSE,FALSE,FALSE,FALSE,TRUE,1,0,0,0,0,0,0,0,0
278,1220437,梦境之源,2018/11/16,"中国大陆
",6.3,288000,120000,199000,1381,0,FALSE,FALSE,FALSE,FALSE,FALSE,FALSE,FALSE,FALSE,FALSE,FALSE,FALSE,FALSE,FALSE,TRUE,FALSE,1,0,0,0,0,0,0,0,0
279,1229565,星溪的三次奇遇,2018/10/16,"中国大陆,马来西亚",6.3,288000,120000,199000,3,0,FALSE,FALSE,TRUE,TRUE,FALSE,FALSE,FALSE,FALSE,FALSE,FALSE,FALSE,FALSE,TRUE,FALSE,FALSE,1,0,0,0,0,1,0,1,0
280,1207016,玛丽女王,2018/12/11,英国,6.1,288000,120000,199000,5,0,FALSE,TRUE,FALSE,FALSE,FALSE,FALSE,FALSE,FALSE,FALSE,FALSE,FALSE,TRUE,FALSE,TRUE,FALSE,0,0,0,0,0,1,0,0,1
283,342412,超能泰坦,2018/10/12,"美国,英国
",5.9,14276000,6227000,12072000,12739,0,FALSE,TRUE,FALSE,FALSE,FALSE,FALSE,FALSE,FALSE,FALSE,TRUE,FALSE,FALSE,TRUE,FALSE,FALSE,0,0,1,0,0,1,0,0,0
284,1215978,友罪,2018/6/16,"日本
",5.9,14276000,6227000,12072000,19,0,FALSE,FALSE,FALSE,FALSE,FALSE,FALSE,FALSE,FALSE,FALSE,TRUE,TRUE,FALSE,TRUE,FALSE,FALSE,0,0,0,1,0,0,0,0,1
285,1229915,中国合伙人2,2018/12/18,"中国大陆
",5.8,20290000,4051000,8609000,6382,0,FALSE,FALSE,FALSE,FALSE,FALSE,FALSE,FALSE,FALSE,FALSE,TRUE,TRUE,FALSE,TRUE,FALSE,FALSE,1,0,0,0,0,0,0,0,1
286,346336,冰封迷案,2018/4/20,"中国大陆
",5.8,519000,91000,255000,1014,0,FALSE,FALSE,FALSE,FALSE,FALSE,FALSE,FALSE,TRUE,TRUE,FALSE,FALSE,FALSE,FALSE,FALSE,FALSE,1,0,0,0,0,0,0,0,0
288,1247134,特种兵归来1：血狼之怒,2018/12/7,"中国大陆
",5.8,419000,195000,253000,78,0,FALSE,FALSE,TRUE,FALSE,FALSE,FALSE,FALSE,FALSE,FALSE,FALSE,FALSE,FALSE,FALSE,FALSE,FALSE,1,0,0,0,0,0,0,0,1
289,1229749,宝贝儿,2018/10/19,"中国大陆
",5.7,24724000,10872000,21550000,12699,0,FALSE,TRUE,FALSE,FALSE,FALSE,FALSE,FALSE,FALSE,FALSE,FALSE,TRUE,FALSE,FALSE,TRUE,FALSE,1,0,0,0,0,0,0,1,0
290,568602,无眸之杀,2018/3/23,"中国大陆
",5.7,982000,218000,525000,2942,0,FALSE,FALSE,FALSE,FALSE,FALSE,FALSE,TRUE,FALSE,FALSE,TRUE,TRUE,FALSE,FALSE,FALSE,FALSE,1,0,0,0,0,0,0,0,0
291,1234049,灵魂契约,2018/10/26,"中国大陆
",5.6,2737000,500000,1445000,1883,0,FALSE,FALSE,TRUE,FALSE,FALSE,FALSE,FALSE,FALSE,FALSE,FALSE,FALSE,FALSE,TRUE,TRUE,FALSE,1,0,0,0,0,0,0,0,0
292,345655,云南虫谷,2018/12/29,"中国大陆
",5.5,150000000,64725000,98996000,49344,0,TRUE,FALSE,FALSE,FALSE,FALSE,TRUE,FALSE,FALSE,FALSE,FALSE,TRUE,FALSE,FALSE,TRUE,FALSE,1,0,0,0,0,0,0,0,1
293,344540,灵魂当铺之时间典当,2018/3/9,"中国大陆
",5.5,1284000,353000,740000,2572,0,FALSE,FALSE,FALSE,FALSE,FALSE,FALSE,FALSE,FALSE,FALSE,TRUE,FALSE,TRUE,FALSE,TRUE,FALSE,1,0,0,0,0,0,0,0,0
294,1229950,午夜整容室,2018/12/14,"中国大陆
",5.5,3233000,493000,1414000,4986,0,FALSE,FALSE,FALSE,FALSE,FALSE,TRUE,FALSE,FALSE,FALSE,TRUE,FALSE,FALSE,FALSE,TRUE,FALSE,1,0,0,0,0,0,0,0,0
295,1203176,男狐聊斋2兰若寺,2018/7/3,"中国大陆
",5.5,3233000,493000,1414000,3,1,FALSE,FALSE,FALSE,TRUE,FALSE,FALSE,FALSE,FALSE,FALSE,FALSE,TRUE,FALSE,TRUE,FALSE,FALSE,1,0,0,0,0,0,0,0,1
296,1227002,黑暗深处之惊魂夜,2018/10/19,"中国大陆
",5.4,2278000,445000,1264000,1515,0,FALSE,FALSE,FALSE,FALSE,FALSE,FALSE,TRUE,FALSE,FALSE,FALSE,TRUE,FALSE,FALSE,TRUE,FALSE,1,0,0,0,0,0,0,0,0
299,1222188,惊慌失色之诡寓,2018/8/24,"中国大陆
",5.1,2072000,398000,910000,7188,1,FALSE,FALSE,FALSE,FALSE,TRUE,FALSE,FALSE,FALSE,FALSE,FALSE,FALSE,FALSE,FALSE,FALSE,TRUE,1,0,0,0,0,0,0,0,0
300,1220905,毛骨悚然之红衣男孩,2018/6/1,"中国大陆
",5.1,1480000,372000,844000,4971,0,FALSE,FALSE,FALSE,TRUE,FALSE,FALSE,FALSE,FALSE,FALSE,FALSE,TRUE,FALSE,TRUE,FALSE,FALSE,1,0,0,0,0,0,0,0,0
301,344419,七号公馆,2018/5/11,"中国大陆
",5.1,616000,117000,291000,3028,0,FALSE,TRUE,FALSE,FALSE,FALSE,FALSE,FALSE,FALSE,FALSE,TRUE,FALSE,FALSE,FALSE,TRUE,FALSE,1,0,0,0,0,0,0,0,0
302,1238695,瞳灵公馆,2018/11/2,"中国大陆
",5.1,2313000,437000,1337000,1752,0,FALSE,FALSE,FALSE,FALSE,FALSE,FALSE,FALSE,FALSE,FALSE,TRUE,FALSE,TRUE,FALSE,TRUE,FALSE,1,0,0,0,0,0,0,0,0
303,1215765,末路爱侣,2018/7/13,"美国
",5,2313000,437000,1337000,3,1,FALSE,FALSE,FALSE,FALSE,FALSE,FALSE,FALSE,FALSE,FALSE,FALSE,FALSE,FALSE,FALSE,TRUE,FALSE,0,0,1,0,0,0,0,0,0
304,1220908,恐怖浴室,2018/6/8,"中国大陆
",4.9,2537000,473000,1228000,3596,0,FALSE,FALSE,FALSE,FALSE,FALSE,FALSE,FALSE,FALSE,FALSE,TRUE,FALSE,FALSE,FALSE,TRUE,FALSE,1,0,0,0,0,0,0,0,0
305,880525,机器猛犬,2018/8/24,美国,4.9,2537000,473000,1228000,15,1,FALSE,FALSE,FALSE,FALSE,FALSE,TRUE,FALSE,FALSE,FALSE,FALSE,TRUE,FALSE,FALSE,FALSE,FALSE,0,0,1,0,0,0,0,0,0
306,1189514,断片之险途夺宝,2018/12/29,"中国大陆
",4.8,50387000,23928000,36643000,17713,0,FALSE,FALSE,FALSE,FALSE,FALSE,TRUE,TRUE,FALSE,FALSE,FALSE,FALSE,FALSE,FALSE,TRUE,FALSE,1,0,0,0,0,0,0,1,0
307,1213057,无迹可寻,2018/2/9,"中国大陆
",4.5,362000,88000,156000,359,0,FALSE,TRUE,FALSE,FALSE,FALSE,FALSE,FALSE,FALSE,FALSE,TRUE,FALSE,TRUE,FALSE,FALSE,FALSE,1,0,0,0,0,0,0,0,0
308,1210869,午夜十二点,2018/4/28,"中国大陆
",4.4,2356000,261000,568000,3363,0,FALSE,FALSE,FALSE,FALSE,FALSE,FALSE,FALSE,FALSE,FALSE,FALSE,FALSE,FALSE,TRUE,TRUE,FALSE,1,0,0,0,0,0,0,0,0
309,1221388,姽婳,2018/6/29,中国大陆,4.4,758000,111000,328000,2023,0,FALSE,FALSE,FALSE,FALSE,FALSE,FALSE,FALSE,FALSE,FALSE,TRUE,FALSE,FALSE,FALSE,TRUE,FALSE,1,0,0,0,0,0,0,0,0
310,1217141,午夜幽灵,2018/10/12,"中国大陆
",4.2,3374000,793000,1962000,3276,0,FALSE,FALSE,FALSE,TRUE,FALSE,FALSE,FALSE,TRUE,FALSE,FALSE,FALSE,FALSE,TRUE,FALSE,FALSE,1,0,0,0,0,0,0,0,0
311,78490,冰封侠:时空行者,2018/11/2,"中国大陆,中国香港
",4.1,34493000,12669000,27185000,14406,0,FALSE,FALSE,FALSE,FALSE,FALSE,FALSE,FALSE,FALSE,FALSE,TRUE,FALSE,FALSE,FALSE,TRUE,FALSE,1,1,0,0,0,0,1,0,0
312,1227737,男生宿舍,2018/8/31,"中国大陆
",4,2387000,388000,1013000,6151,1,FALSE,FALSE,FALSE,FALSE,FALSE,FALSE,FALSE,FALSE,FALSE,TRUE,TRUE,FALSE,FALSE,FALSE,FALSE,1,0,0,0,0,0,0,0,0
313,1221379,细思极恐,2018/7/6,"中国大陆
",4,1502000,226000,555000,3539,1,FALSE,FALSE,TRUE,FALSE,FALSE,FALSE,FALSE,FALSE,FALSE,FALSE,FALSE,FALSE,FALSE,FALSE,FALSE,1,0,0,0,0,0,0,0,0
314,1205320,玲珑井,2018/3/16,"中国大陆
",3.5,1984000,442000,1069000,2706,0,FALSE,FALSE,FALSE,FALSE,FALSE,FALSE,FALSE,TRUE,FALSE,TRUE,FALSE,FALSE,FALSE,FALSE,FALSE,1,0,0,0,0,0,0,0,0
315,1206209,开学悸,2018/11/9,中国大陆,3.5,1370000,328000,667000,1282,0,FALSE,FALSE,FALSE,FALSE,FALSE,FALSE,FALSE,FALSE,FALSE,TRUE,FALSE,FALSE,FALSE,TRUE,FALSE,1,0,0,0,0,0,0,0,0
316,666793,恐怖快递,2018/11/23,"中国大陆
",3.2,2265000,424000,1140000,5161,0,FALSE,FALSE,FALSE,FALSE,FALSE,FALSE,TRUE,FALSE,FALSE,TRUE,TRUE,FALSE,FALSE,FALSE,FALSE,1,0,0,0,0,0,0,0,0
318,1212344,凌晨两点半,2018/4/13,"中国大陆
",2.7,1868000,268000,652000,3708,0,FALSE,TRUE,TRUE,FALSE,FALSE,FALSE,FALSE,FALSE,FALSE,FALSE,FALSE,FALSE,FALSE,TRUE,FALSE,1,0,0,0,0,0,0,0,0
319,345036,地球最后的夜晚,2018/12/31,"中国大陆
",2.6,282000000,262000000,280000000,53786,0,FALSE,FALSE,TRUE,FALSE,FALSE,FALSE,FALSE,FALSE,FALSE,TRUE,FALSE,FALSE,TRUE,FALSE,FALSE,1,0,0,0,0,0,0,0,0
321,1206605,绿皮书,2019/3/1,"美国
",9.5,477000000,25144000,114000000,34521,0,FALSE,FALSE,TRUE,FALSE,FALSE,FALSE,FALSE,FALSE,FALSE,TRUE,FALSE,FALSE,TRUE,FALSE,FALSE,0,0,1,0,0,0,0,1,1
322,1167831,波西米亚狂想曲,2019/3/22,"英国,美国
",9.5,98722000,10289000,41776000,17316,0,TRUE,FALSE,FALSE,FALSE,TRUE,FALSE,TRUE,FALSE,FALSE,FALSE,FALSE,FALSE,FALSE,FALSE,FALSE,0,0,1,0,0,1,0,0,1
323,1218727,何以为家,2019/4/29,"黎巴嫩,法国,美国
",9.3,320000000,12253000,167000000,98145,0,FALSE,FALSE,FALSE,FALSE,FALSE,TRUE,FALSE,FALSE,FALSE,TRUE,FALSE,FALSE,FALSE,TRUE,FALSE,0,0,1,0,0,1,0,0,0
324,1235560,白蛇：缘起,2019/1/11,"中国大陆
",9.3,448000000,9755000,41233000,21172,0,FALSE,FALSE,FALSE,FALSE,TRUE,FALSE,TRUE,FALSE,FALSE,FALSE,FALSE,FALSE,FALSE,FALSE,FALSE,1,0,0,0,0,0,0,0,1
327,1212492,老师·好,2019/3/22,"中国大陆
",9.3,353000000,16586000,80087000,21852,0,FALSE,TRUE,FALSE,FALSE,FALSE,FALSE,FALSE,FALSE,FALSE,TRUE,FALSE,FALSE,FALSE,TRUE,FALSE,1,0,0,0,0,0,0,0,0
328,248906,流浪地球,2019/2/5,"中国大陆
",9.2,4654000000,188000000,2020000000,69354,1,TRUE,FALSE,FALSE,FALSE,TRUE,FALSE,FALSE,FALSE,FALSE,FALSE,FALSE,FALSE,FALSE,FALSE,TRUE,1,0,0,0,0,0,1,1,1
329,1220571,我的英雄学院：两位英雄,2019/3/15,"日本
",9.2,38743000,10512000,31723000,39367,0,FALSE,FALSE,FALSE,FALSE,TRUE,FALSE,TRUE,FALSE,FALSE,FALSE,FALSE,FALSE,FALSE,FALSE,TRUE,0,0,0,1,0,0,0,0,1
330,1239281,港珠澳大桥,2019/5/1,"中国大陆
",9.2,3849000,394000,1038000,7273,1,FALSE,FALSE,FALSE,FALSE,TRUE,FALSE,FALSE,FALSE,FALSE,FALSE,FALSE,FALSE,FALSE,FALSE,TRUE,1,0,0,0,0,0,0,0,0
331,248172,复仇者联盟4：终局之战,2019/4/24,"美国
",9.1,4178000000,534000000,2224000000,242258,0,TRUE,FALSE,FALSE,FALSE,FALSE,FALSE,FALSE,FALSE,FALSE,TRUE,TRUE,FALSE,FALSE,FALSE,FALSE,0,0,1,0,0,0,0,1,1
332,1206875,大黄蜂,2019/1/4,"美国
",9.1,1147000000,110000000,404000000,57988,0,TRUE,FALSE,TRUE,FALSE,FALSE,FALSE,FALSE,FALSE,FALSE,TRUE,FALSE,FALSE,FALSE,FALSE,FALSE,0,0,1,0,0,0,0,1,1
333,1211727,反贪风暴4,2019/4/4,"中国香港,中国大陆
",9.1,792000000,78543000,352000000,56419,0,FALSE,FALSE,FALSE,FALSE,FALSE,TRUE,FALSE,FALSE,FALSE,FALSE,FALSE,FALSE,FALSE,TRUE,FALSE,1,1,0,0,0,0,0,1,1
334,1243239,熊出没·原始时代,2019/2/5,"中国大陆
",9.1,714000000,73660000,423000000,38136,1,FALSE,FALSE,FALSE,FALSE,FALSE,FALSE,FALSE,FALSE,FALSE,TRUE,FALSE,FALSE,FALSE,FALSE,FALSE,1,0,0,0,0,0,0,0,1
335,1214652,朝花夕誓-于离别之朝束起约定之花,2019/2/22,"日本
",9.1,17222000,3569000,10720000,20781,0,FALSE,FALSE,FALSE,FALSE,FALSE,FALSE,FALSE,TRUE,FALSE,FALSE,FALSE,FALSE,FALSE,TRUE,FALSE,0,0,0,1,0,0,0,1,0
336,1217351,德鲁大叔,2019/1/11,"美国
",9.1,12077000,2452000,7027000,19705,0,FALSE,TRUE,FALSE,FALSE,FALSE,FALSE,FALSE,FALSE,FALSE,TRUE,TRUE,FALSE,FALSE,FALSE,FALSE,0,0,1,0,0,0,0,0,0
337,1174518,“大”人物,2019/1/10,"中国大陆
",9.1,379000000,14560000,124000000,12476,0,FALSE,FALSE,TRUE,FALSE,FALSE,FALSE,FALSE,FALSE,FALSE,TRUE,FALSE,FALSE,TRUE,FALSE,FALSE,1,0,0,0,0,0,0,0,0
338,1239544,调音师,2019/4/3,"印度
",9.1,324000000,7112000,91044000,11639,0,FALSE,FALSE,FALSE,FALSE,TRUE,FALSE,FALSE,FALSE,FALSE,FALSE,FALSE,FALSE,FALSE,FALSE,TRUE,0,0,0,0,1,0,0,0,1
339,476263,天上再见,2019/4/30,"法国,加拿大
",9.1,2435000,240000,1244000,5895,0,FALSE,TRUE,FALSE,FALSE,FALSE,FALSE,FALSE,FALSE,FALSE,FALSE,FALSE,FALSE,FALSE,FALSE,FALSE,0,0,0,0,0,1,0,0,1
340,1250341,夏目友人帐,2019/3/7,"日本
",9,115000000,19389000,84040000,83298,0,FALSE,FALSE,TRUE,FALSE,FALSE,FALSE,FALSE,FALSE,FALSE,FALSE,FALSE,TRUE,FALSE,TRUE,FALSE,0,0,0,1,0,0,0,1,1
341,247295,驯龙高手3,2019/3/1,"美国
",9,366000000,54951000,218000000,60089,0,TRUE,FALSE,TRUE,FALSE,FALSE,FALSE,FALSE,FALSE,FALSE,FALSE,TRUE,TRUE,FALSE,FALSE,FALSE,0,0,1,0,0,0,0,1,1
342,410629,阿丽塔：战斗天使,2019/2/22,"美国
",9,895000000,125000000,435000000,72397,0,TRUE,FALSE,TRUE,FALSE,FALSE,FALSE,FALSE,TRUE,FALSE,FALSE,FALSE,TRUE,FALSE,FALSE,FALSE,0,0,1,0,0,0,0,0,1
343,346765,小飞象,2019/3/29,"美国
",9,147000000,12801000,72258000,18656,0,TRUE,FALSE,TRUE,FALSE,FALSE,FALSE,FALSE,TRUE,FALSE,FALSE,FALSE,FALSE,TRUE,FALSE,FALSE,0,0,1,0,0,0,1,1,1
344,1205582,今夜在浪漫剧场,2019/2/14,"日本
",9,12313000,6558000,10004000,12534,0,FALSE,FALSE,FALSE,FALSE,FALSE,FALSE,FALSE,TRUE,FALSE,FALSE,FALSE,FALSE,FALSE,TRUE,FALSE,0,0,0,1,0,0,0,1,0
345,1215867,一条狗的回家路,2019/1/18,"美国
",9,36436000,7152000,19913000,14858,0,FALSE,FALSE,FALSE,FALSE,FALSE,FALSE,FALSE,FALSE,FALSE,TRUE,FALSE,FALSE,FALSE,TRUE,FALSE,0,0,1,0,0,0,0,0,0
347,1205909,祈祷落幕时,2019/4/12,"日本
",9,67485000,8064000,29408000,11579,0,FALSE,FALSE,FALSE,FALSE,FALSE,TRUE,FALSE,FALSE,FALSE,FALSE,FALSE,FALSE,FALSE,TRUE,FALSE,0,0,0,1,0,0,0,1,1
348,1229697,四个春天,2019/1/4,"中国大陆
",9,10583000,708000,3132000,4054,0,FALSE,FALSE,TRUE,FALSE,FALSE,FALSE,FALSE,FALSE,FALSE,TRUE,FALSE,FALSE,TRUE,FALSE,FALSE,1,0,0,0,0,0,0,0,0
349,1239844,钢铁飞龙之奥特曼崛起,2019/1/18,"中国大陆
",8.9,42592000,3241000,11533000,8169,0,FALSE,FALSE,TRUE,FALSE,FALSE,FALSE,FALSE,TRUE,FALSE,TRUE,FALSE,FALSE,FALSE,FALSE,FALSE,1,0,0,0,0,0,0,0,1
352,1218091,飞驰人生,2019/2/5,"中国大陆
",8.8,1716000000,319000000,1048000000,73719,1,TRUE,FALSE,FALSE,FALSE,FALSE,TRUE,TRUE,FALSE,FALSE,FALSE,TRUE,FALSE,FALSE,FALSE,FALSE,1,0,0,0,0,0,1,1,0
353,507792,地久天长,2019/3/22,"中国大陆
",8.8,45065000,6619000,24539000,22486,0,FALSE,FALSE,TRUE,FALSE,FALSE,FALSE,FALSE,FALSE,FALSE,FALSE,FALSE,TRUE,TRUE,FALSE,FALSE,1,0,0,0,0,0,1,1,0
354,341989,养家之人,2019/1/11,"爱尔兰,卢森堡,加拿大
",8.8,6307000,1380000,3920000,5690,0,FALSE,FALSE,TRUE,FALSE,FALSE,FALSE,FALSE,FALSE,FALSE,FALSE,FALSE,TRUE,TRUE,FALSE,FALSE,0,0,0,0,0,1,0,0,0
355,341139,惊奇队长,2019/3/8,"美国
",8.7,1033000000,214000000,597000000,94727,0,TRUE,FALSE,FALSE,FALSE,FALSE,FALSE,FALSE,FALSE,FALSE,TRUE,TRUE,FALSE,FALSE,TRUE,FALSE,0,0,1,0,0,0,0,0,1
356,1238862,我想吃掉你的胰脏,2019/1/18,"日本
",8.7,23887000,5731000,13605000,25418,0,FALSE,FALSE,FALSE,FALSE,FALSE,FALSE,FALSE,FALSE,FALSE,TRUE,FALSE,FALSE,FALSE,TRUE,FALSE,0,0,0,1,0,0,0,0,0
357,1219670,海市蜃楼,2019/3/28,"西班牙
",8.7,110000000,5277000,65416000,11856,0,FALSE,FALSE,FALSE,FALSE,FALSE,FALSE,FALSE,FALSE,FALSE,FALSE,FALSE,TRUE,TRUE,TRUE,FALSE,0,0,0,0,0,1,0,0,0
358,1132519,22年后的自白,2019/1/11,"日本
",8.7,5342000,1207000,3349000,6635,0,FALSE,FALSE,FALSE,FALSE,FALSE,FALSE,FALSE,FALSE,FALSE,TRUE,FALSE,FALSE,FALSE,TRUE,FALSE,0,0,0,1,0,0,0,0,1
359,1211412,神奇乐园历险记,2019/4/19,"美国,西班牙
",8.7,46619000,2448000,21974000,3575,0,FALSE,FALSE,FALSE,FALSE,FALSE,FALSE,FALSE,FALSE,FALSE,TRUE,FALSE,FALSE,FALSE,TRUE,FALSE,0,0,1,0,0,1,0,0,0
360,1220833,燃点,2019/1/11,"中国大陆
",8.7,8195000,530000,1917000,2210,0,FALSE,FALSE,TRUE,FALSE,FALSE,FALSE,FALSE,FALSE,FALSE,TRUE,FALSE,FALSE,TRUE,FALSE,FALSE,1,0,0,0,0,0,0,0,0
361,344262,一吻定情,2019/2/14,"中国大陆,中国台湾
",8.6,173000000,91298000,130000000,47850,0,FALSE,FALSE,TRUE,FALSE,FALSE,FALSE,FALSE,FALSE,FALSE,TRUE,FALSE,FALSE,TRUE,FALSE,FALSE,1,1,0,0,0,0,0,0,1
362,1238846,密室逃生,2019/1/18,"美国
",8.6,232000000,12659000,56913000,15771,0,FALSE,FALSE,FALSE,FALSE,FALSE,TRUE,TRUE,FALSE,FALSE,FALSE,TRUE,FALSE,FALSE,TRUE,FALSE,0,0,1,0,0,0,0,0,0
363,345172,奎迪：英雄再起,2019/1/4,"美国
",8.6,17130000,3947000,11573000,10758,0,FALSE,FALSE,TRUE,FALSE,FALSE,FALSE,FALSE,FALSE,FALSE,TRUE,FALSE,TRUE,FALSE,FALSE,FALSE,0,0,1,0,0,0,0,1,1
364,344869,疯狂的外星人,2019/2/5,"中国大陆,美国
",8.5,2201000000,408000000,1455000000,83191,1,TRUE,TRUE,FALSE,FALSE,FALSE,FALSE,FALSE,FALSE,FALSE,FALSE,FALSE,FALSE,FALSE,TRUE,FALSE,1,0,1,0,0,0,1,1,1
366,341220,乐高大电影2,2019/3/22,"美国,澳大利亚,丹麦
",8.5,18437000,2059000,15443000,7711,0,TRUE,FALSE,FALSE,TRUE,FALSE,FALSE,FALSE,FALSE,FALSE,FALSE,TRUE,FALSE,FALSE,TRUE,FALSE,0,0,1,0,0,1,0,1,1
368,341229,命运之夜——天之杯：恶兆之花,2019/1/11,"日本
",8.4,31618000,11371000,24574000,30213,0,FALSE,FALSE,TRUE,FALSE,FALSE,FALSE,FALSE,TRUE,FALSE,FALSE,FALSE,FALSE,FALSE,TRUE,FALSE,0,0,0,1,0,0,0,0,1
369,343455,五十米之恋,2019/2/14,"中国大陆
",8.4,1368000,868000,1148000,6190,0,FALSE,FALSE,FALSE,FALSE,FALSE,FALSE,FALSE,FALSE,FALSE,FALSE,TRUE,FALSE,FALSE,FALSE,FALSE,1,0,0,0,0,0,0,0,0
370,888384,森林奇缘,2019/1/18,"乌克兰
",8.4,7974000,1152000,3348000,4064,0,FALSE,TRUE,FALSE,FALSE,TRUE,FALSE,FALSE,FALSE,FALSE,FALSE,FALSE,FALSE,FALSE,FALSE,TRUE,0,0,0,0,0,1,0,0,0
371,1225543,魔神Z,2019/3/8,"日本
",8.4,408000,93000,284000,4948,0,FALSE,FALSE,FALSE,FALSE,TRUE,FALSE,TRUE,FALSE,FALSE,FALSE,FALSE,FALSE,FALSE,TRUE,FALSE,0,0,0,1,0,0,0,0,1
372,672279,雪暴,2019/4/30,"中国大陆
",8.3,27581000,5232000,19511000,11521,0,FALSE,FALSE,FALSE,FALSE,FALSE,FALSE,FALSE,FALSE,TRUE,FALSE,FALSE,FALSE,FALSE,FALSE,FALSE,1,0,0,0,0,0,0,0,0
373,457445,掠食城市,2019/1/18,"美国,新西兰
",8.3,50486000,9381000,28360000,12578,0,TRUE,FALSE,FALSE,FALSE,FALSE,FALSE,FALSE,FALSE,FALSE,TRUE,FALSE,FALSE,FALSE,TRUE,FALSE,0,0,1,0,0,1,0,0,1
374,1228761,把哥哥退货可以吗,2019/3/15,"泰国
",8.3,1752000,691000,1401000,4381,0,FALSE,FALSE,FALSE,FALSE,FALSE,TRUE,FALSE,FALSE,FALSE,FALSE,FALSE,FALSE,FALSE,TRUE,FALSE,0,0,0,0,0,1,0,0,0
375,1243904,动物出击,2019/4/30,"中国大陆
",8.2,3153000,1156000,2821000,3643,0,FALSE,FALSE,FALSE,FALSE,FALSE,FALSE,FALSE,TRUE,FALSE,TRUE,FALSE,FALSE,TRUE,FALSE,FALSE,1,0,0,0,0,0,1,0,0
376,343987,精灵怪物：疯狂之旅,2019/3/29,"德国,英国
",8.2,6262000,838000,4718000,4490,0,FALSE,TRUE,FALSE,FALSE,FALSE,FALSE,FALSE,FALSE,FALSE,TRUE,FALSE,FALSE,FALSE,FALSE,FALSE,0,0,0,0,0,1,0,0,0
377,1229799,过春天,2019/3/15,"中国大陆
",8.2,9942000,2318000,5920000,6392,0,FALSE,TRUE,FALSE,FALSE,FALSE,FALSE,FALSE,FALSE,FALSE,FALSE,FALSE,FALSE,FALSE,TRUE,FALSE,1,0,0,0,0,0,0,0,0
378,1263355,狗眼看人心,2019/4/20,"中国大陆
",8.1,18475000,6433000,12128000,10611,0,FALSE,FALSE,FALSE,FALSE,TRUE,FALSE,TRUE,FALSE,FALSE,FALSE,FALSE,FALSE,FALSE,FALSE,FALSE,1,0,0,0,0,0,0,1,0
379,1206415,虫林大作战,2019/4/13,"法国
",8.1,7635000,3368000,6628000,2830,0,FALSE,FALSE,FALSE,TRUE,FALSE,FALSE,FALSE,FALSE,FALSE,FALSE,TRUE,FALSE,TRUE,FALSE,FALSE,0,0,0,0,0,1,0,0,1
380,1204080,战斗民族养成记,2019/1/24,"中国大陆,俄罗斯
",8.1,8034000,1112000,4861000,2702,0,FALSE,FALSE,FALSE,FALSE,FALSE,FALSE,FALSE,FALSE,FALSE,FALSE,FALSE,FALSE,FALSE,TRUE,FALSE,1,0,0,0,0,1,0,0,0
381,580298,新喜剧之王,2019/2/5,"中国香港,中国大陆
",8,624000000,272000000,534000000,86350,1,FALSE,FALSE,FALSE,FALSE,FALSE,FALSE,FALSE,FALSE,FALSE,TRUE,TRUE,FALSE,TRUE,FALSE,FALSE,1,1,0,0,0,0,1,1,0
382,1216383,比悲伤更悲伤的故事,2019/3/14,"中国台湾
",8,953000000,19131000,331000000,60839,0,FALSE,TRUE,FALSE,FALSE,FALSE,FALSE,FALSE,FALSE,FALSE,TRUE,FALSE,FALSE,FALSE,TRUE,FALSE,1,1,0,0,0,0,0,1,0
383,1197466,三重威胁之跨国大营救,2019/3/14,"美国
",8,953000000,19131000,331000000,1527,0,FALSE,FALSE,FALSE,FALSE,FALSE,FALSE,FALSE,FALSE,FALSE,FALSE,TRUE,FALSE,FALSE,TRUE,FALSE,0,0,1,0,0,0,0,0,0
384,1240859,闯堂兔3囧囧时光机,2019/1/18,"中国大陆
",7.9,4883000,1509000,2972000,5440,0,FALSE,FALSE,FALSE,TRUE,FALSE,FALSE,FALSE,FALSE,FALSE,FALSE,TRUE,FALSE,FALSE,FALSE,FALSE,1,0,0,0,0,0,0,0,0
385,1230152,撞死了一只羊,2019/4/26,"中国大陆
",7.9,10447000,1672000,4667000,5701,0,FALSE,FALSE,FALSE,FALSE,FALSE,TRUE,FALSE,FALSE,FALSE,FALSE,FALSE,FALSE,FALSE,FALSE,FALSE,1,0,0,0,0,0,0,0,1
386,1206836,神探蒲松龄,2019/2/5,"中国大陆,中国香港
",7.8,152000000,66151000,129000000,23371,1,FALSE,TRUE,FALSE,FALSE,FALSE,FALSE,FALSE,FALSE,FALSE,TRUE,FALSE,FALSE,FALSE,FALSE,FALSE,1,1,0,0,0,0,0,1,1
387,248123,雷霆沙赞！,2019/4/5,"美国
",7.8,294000000,96935000,205000000,42473,0,TRUE,TRUE,FALSE,TRUE,FALSE,FALSE,FALSE,FALSE,FALSE,TRUE,FALSE,FALSE,FALSE,FALSE,FALSE,0,0,1,0,0,0,0,0,1
388,1213175,在乎你,2019/4/12,"中国大陆
",7.8,5014000,2117000,3890000,11205,0,FALSE,FALSE,FALSE,FALSE,FALSE,TRUE,TRUE,FALSE,FALSE,FALSE,FALSE,FALSE,FALSE,TRUE,FALSE,1,0,0,0,0,0,0,0,0
389,1207260,如影随心,2019/4/19,"中国大陆
",7.7,23606000,9034000,19657000,13048,0,FALSE,TRUE,FALSE,FALSE,FALSE,FALSE,FALSE,FALSE,FALSE,TRUE,FALSE,FALSE,FALSE,TRUE,FALSE,1,0,0,0,0,0,0,0,0
390,907653,狂暴凶狮,2019/3/22,"荷兰
",7.7,44578000,13495000,35428000,17389,0,FALSE,FALSE,FALSE,FALSE,FALSE,FALSE,FALSE,FALSE,FALSE,FALSE,TRUE,FALSE,TRUE,FALSE,FALSE,0,0,0,0,0,1,0,0,0
391,1215346,警告,2019/3/29,"西班牙
",7.7,633000,317000,510000,3660,0,FALSE,FALSE,FALSE,FALSE,FALSE,FALSE,FALSE,FALSE,FALSE,FALSE,FALSE,FALSE,FALSE,TRUE,FALSE,0,0,0,0,0,1,0,0,0
392,344757,蓝色生死恋,2019/2/14,"中国大陆
",7.6,1493000,977000,1313000,17875,0,FALSE,TRUE,FALSE,FALSE,FALSE,FALSE,FALSE,FALSE,FALSE,TRUE,FALSE,FALSE,FALSE,FALSE,FALSE,1,0,0,0,0,0,0,0,0
393,345808,死侍2：我爱我家,2019/1/25,"美国
",7.5,286000000,56502000,152000000,63337,0,TRUE,TRUE,FALSE,FALSE,FALSE,FALSE,FALSE,FALSE,FALSE,TRUE,FALSE,FALSE,FALSE,FALSE,FALSE,0,0,1,0,0,0,0,1,1
394,1229702,青蛙王子历险记,2019/4/5,"中国大陆
",7.4,9811000,3006000,6728000,2246,0,FALSE,FALSE,FALSE,FALSE,FALSE,FALSE,FALSE,FALSE,FALSE,FALSE,FALSE,FALSE,FALSE,TRUE,FALSE,1,0,0,0,0,0,0,0,0
395,581264,境·界,2019/4/19,"日本
",7.3,3600000,1764000,3208000,6010,0,FALSE,TRUE,FALSE,FALSE,FALSE,FALSE,FALSE,FALSE,FALSE,FALSE,TRUE,FALSE,TRUE,FALSE,FALSE,0,0,0,1,0,0,0,0,0
396,1215897,国家破产之日,2019/4/8,韩国,7.2,3600000,1764000,3208000,2,0,FALSE,FALSE,FALSE,FALSE,FALSE,FALSE,FALSE,FALSE,TRUE,FALSE,FALSE,FALSE,FALSE,FALSE,FALSE,0,0,0,0,0,1,0,0,0
397,1215114,廉政风云,2019/2/5,"中国香港,中国大陆
",7,114000000,55879000,95242000,22879,1,FALSE,FALSE,FALSE,FALSE,FALSE,FALSE,FALSE,FALSE,FALSE,FALSE,FALSE,FALSE,FALSE,TRUE,FALSE,1,1,0,0,0,0,0,1,0
398,345875,风中有朵雨做的云,2019/4/4,"中国大陆
",7,64780000,16500000,51516000,26980,0,FALSE,FALSE,FALSE,FALSE,FALSE,FALSE,FALSE,FALSE,FALSE,FALSE,FALSE,FALSE,FALSE,TRUE,FALSE,1,0,0,0,0,0,0,1,1
399,345918,大侦探霍桑,2019/1/25,"中国大陆
",6.9,7968000,3216000,5392000,4110,0,FALSE,FALSE,TRUE,TRUE,FALSE,FALSE,FALSE,FALSE,FALSE,FALSE,TRUE,FALSE,FALSE,FALSE,FALSE,1,0,0,0,0,0,0,1,1
400,343344,我的宠物是大象,2019/4/12,"中国大陆
",6.9,2548000,1176000,2215000,4102,0,FALSE,FALSE,FALSE,FALSE,FALSE,FALSE,FALSE,FALSE,FALSE,FALSE,FALSE,FALSE,FALSE,TRUE,FALSE,1,0,0,0,0,0,0,0,0
401,672379,悟空奇遇记,2019/5/1,"中国大陆
",6.9,18768000,6329000,17880000,5397,1,FALSE,FALSE,FALSE,FALSE,FALSE,FALSE,FALSE,FALSE,FALSE,FALSE,TRUE,FALSE,FALSE,TRUE,FALSE,1,0,0,0,0,0,0,0,1
402,1206824,人间·喜剧,2019/3/29,"中国大陆
",5.9,62888000,30259000,56276000,27513,0,FALSE,TRUE,FALSE,FALSE,FALSE,FALSE,FALSE,FALSE,FALSE,FALSE,FALSE,FALSE,FALSE,TRUE,FALSE,1,0,0,0,0,0,0,1,0
403,1216267,家和万事惊,2019/1/18,"中国香港,中国大陆
",5.9,32625000,6454000,12565000,11115,0,FALSE,FALSE,FALSE,TRUE,FALSE,FALSE,FALSE,FALSE,FALSE,FALSE,TRUE,FALSE,TRUE,FALSE,FALSE,1,1,0,0,0,0,1,1,0
404,1162868,转型团伙,2019/4/19,"中国大陆
",5.8,16709000,6940000,14801000,6742,0,FALSE,FALSE,FALSE,FALSE,FALSE,FALSE,FALSE,FALSE,FALSE,TRUE,TRUE,FALSE,FALSE,TRUE,FALSE,1,0,0,0,0,0,0,1,0
405,1233150,小猪佩奇过大年,2019/2/5,"中国大陆,英国
",5.7,124000000,58209000,112000000,22584,1,FALSE,FALSE,FALSE,FALSE,FALSE,FALSE,FALSE,FALSE,FALSE,FALSE,FALSE,FALSE,FALSE,TRUE,FALSE,1,0,0,0,0,1,0,0,1
406,1156894,欲念游戏,2019/4/12,"中国大陆
",5.5,7453000,3802000,6575000,7290,0,FALSE,FALSE,FALSE,FALSE,FALSE,FALSE,FALSE,TRUE,FALSE,FALSE,FALSE,FALSE,TRUE,TRUE,FALSE,1,0,0,0,0,0,0,1,0
407,1212353,阳台上,2019/3/15,"中国大陆
",5.3,3974000,1927000,3400000,14488,0,FALSE,FALSE,FALSE,FALSE,FALSE,FALSE,FALSE,FALSE,FALSE,TRUE,FALSE,TRUE,FALSE,FALSE,FALSE,1,0,0,0,0,0,0,1,0
408,368260,最佳男友进化论,2019/4/12,"中国香港,中国大陆
",5.3,14462000,5063000,11502000,13607,0,FALSE,FALSE,TRUE,FALSE,FALSE,FALSE,FALSE,TRUE,FALSE,FALSE,FALSE,FALSE,FALSE,FALSE,FALSE,1,1,0,0,0,0,0,0,0
409,1251817,少女宿舍,2019/3/15,"中国大陆
",4.7,1913000,484000,1038000,3843,0,FALSE,FALSE,FALSE,FALSE,FALSE,FALSE,FALSE,FALSE,FALSE,TRUE,FALSE,TRUE,FALSE,FALSE,FALSE,1,0,0,0,0,0,0,0,0
410,1228776,下一任：前任,2019/5/1,"中国大陆
",4.3,117000000,46608000,100000000,127357,1,FALSE,FALSE,FALSE,FALSE,FALSE,FALSE,FALSE,FALSE,TRUE,FALSE,FALSE,FALSE,FALSE,FALSE,FALSE,1,0,0,0,0,0,0,0,0
411,1251606,古井凶灵,2019/2/22,"中国大陆
",4.3,5346000,773000,1924000,7297,0,FALSE,FALSE,FALSE,FALSE,FALSE,FALSE,FALSE,FALSE,FALSE,FALSE,FALSE,FALSE,FALSE,TRUE,FALSE,1,0,0,0,0,0,0,0,0
412,1254051,夜伴歌声,2019/3/22,"中国大陆
",3.7,3009000,587000,1465000,5401,0,FALSE,TRUE,FALSE,FALSE,FALSE,FALSE,FALSE,FALSE,FALSE,TRUE,FALSE,FALSE,FALSE,FALSE,FALSE,1,0,0,0,0,0,0,0,0
413,1206939,守灵,2019/4/4,"中国大陆
",3.6,3327000,689000,2075000,3839,0,FALSE,FALSE,TRUE,FALSE,FALSE,FALSE,FALSE,FALSE,FALSE,FALSE,FALSE,FALSE,FALSE,TRUE,FALSE,1,0,0,0,0,0,0,0,0
